,customer_id,plan_id,start_date
0,1,0,2020-08-01
1,1,1,2020-08-08
2,2,0,2020-09-20
3,2,3,2020-09-27
4,3,0,2020-01-13
5,3,1,2020-01-20
6,4,0,2020-01-17
7,4,1,2020-01-24
8,4,4,2020-04-21
9,5,0,2020-08-03
10,5,1,2020-08-10
11,6,0,2020-12-23
12,6,1,2020-12-30
13,6,4,2021-02-26
14,7,0,2020-02-05
15,7,1,2020-02-12
16,7,2,2020-05-22
17,8,0,2020-06-11
18,8,1,2020-06-18
19,8,2,2020-08-03
20,9,0,2020-12-07
21,9,3,2020-12-14
22,10,0,2020-09-19
23,10,2,2020-09-26
24,11,0,2020-11-19
25,11,4,2020-11-26
26,12,0,2020-09-22
27,12,1,2020-09-29
28,13,0,2020-12-15
29,13,1,2020-12-22
30,13,2,2021-03-29
31,14,0,2020-09-22
32,14,1,2020-09-29
33,15,0,2020-03-17
34,15,2,2020-03-24
35,15,4,2020-04-29
36,16,0,2020-05-31
37,16,1,2020-06-07
38,16,3,2020-10-21
39,17,0,2020-07-27
40,17,1,2020-08-03
41,17,3,2020-12-11
42,18,0,2020-07-06
43,18,2,2020-07-13
44,19,0,2020-06-22
45,19,2,2020-06-29
46,19,3,2020-08-29
47,20,0,2020-04-08
48,20,1,2020-04-15
49,20,3,2020-06-05
50,21,0,2020-02-04
51,21,1,2020-02-11
52,21,2,2020-06-03
53,21,4,2020-09-27
54,22,0,2020-01-10
55,22,2,2020-01-17
56,23,0,2020-05-13
57,23,3,2020-05-20
58,24,0,2020-11-10
59,24,2,2020-11-17
60,24,3,2021-04-17
61,25,0,2020-05-10
62,25,1,2020-05-17
63,25,2,2020-06-16
64,26,0,2020-12-08
65,26,2,2020-12-15
66,27,0,2020-08-24
67,27,2,2020-08-31
68,28,0,2020-06-30
69,28,3,2020-07-07
70,29,0,2020-01-23
71,29,2,2020-01-30
72,30,0,2020-04-29
73,30,1,2020-05-06
74,31,0,2020-06-22
75,31,2,2020-06-29
76,31,3,2020-11-29
77,32,0,2020-06-12
78,32,1,2020-06-19
79,32,2,2020-07-18
80,33,0,2020-09-03
81,33,2,2020-09-10
82,33,4,2021-02-05
83,34,0,2020-12-20
84,34,1,2020-12-27
85,34,2,2021-03-26
86,35,0,2020-09-03
87,35,2,2020-09-10
88,36,0,2020-02-25
89,36,2,2020-03-03
90,37,0,2020-08-05
91,37,1,2020-08-12
92,37,2,2020-11-11
93,38,0,2020-10-02
94,38,2,2020-10-09
95,38,3,2020-11-09
96,39,0,2020-05-28
97,39,1,2020-06-04
98,39,2,2020-08-25
99,39,4,2020-09-10
100,40,0,2020-01-22
101,40,1,2020-01-29
102,40,2,2020-03-25
103,41,0,2020-05-16
104,41,2,2020-05-23
105,42,0,2020-10-27
106,42,1,2020-11-03
107,42,2,2021-04-28
108,43,0,2020-08-13
109,43,1,2020-08-20
110,43,2,2020-12-18
111,44,0,2020-03-17
112,44,3,2020-03-24
113,45,0,2020-02-11
114,45,1,2020-02-18
115,45,2,2020-08-12
116,46,0,2020-04-19
117,46,1,2020-04-26
118,46,2,2020-07-06
119,46,3,2020-08-06
120,47,0,2020-06-06
121,47,1,2020-06-13
122,47,3,2020-10-26
123,48,0,2020-01-11
124,48,1,2020-01-18
125,48,4,2020-06-01
126,49,0,2020-04-24
127,49,2,2020-05-01
128,49,3,2020-08-01
129,50,0,2020-07-21
130,50,2,2020-07-28
131,51,0,2020-01-19
132,51,1,2020-01-26
133,51,3,2020-03-09
134,51,4,2021-03-09
135,52,0,2020-05-31
136,52,1,2020-06-07
137,52,4,2020-07-05
138,53,0,2020-01-18
139,53,1,2020-01-25
140,54,0,2020-05-23
141,54,2,2020-05-30
142,55,0,2020-10-22
143,55,1,2020-10-29
144,55,3,2021-03-01
145,56,0,2020-01-03
146,56,3,2020-01-10
147,57,0,2020-03-03
148,57,2,2020-03-10
149,58,0,2020-07-04
150,58,1,2020-07-11
151,58,3,2020-09-24
152,59,0,2020-10-30
153,59,1,2020-11-06
154,59,4,2021-04-29
155,60,0,2020-06-17
156,60,1,2020-06-24
157,61,0,2020-08-31
158,61,1,2020-09-07
159,61,3,2021-02-13
160,62,0,2020-10-12
161,62,1,2020-10-19
162,62,2,2021-01-02
163,62,4,2021-02-23
164,63,0,2020-05-28
165,63,1,2020-06-04
166,63,4,2020-06-18
167,64,0,2020-03-08
168,64,1,2020-03-15
169,64,2,2020-04-03
170,64,4,2020-04-27
171,65,0,2020-05-12
172,65,1,2020-05-19
173,65,2,2020-10-09
174,66,0,2020-07-30
175,66,1,2020-08-06
176,66,3,2020-10-04
177,67,0,2020-08-14
178,67,2,2020-08-21
179,68,0,2020-04-10
180,68,3,2020-04-17
181,69,0,2020-03-07
182,69,1,2020-03-14
183,69,2,2020-04-14
184,70,0,2020-07-06
185,70,1,2020-07-13
186,70,2,2021-01-06
187,71,0,2020-07-23
188,71,2,2020-07-30
189,71,4,2020-12-08
190,72,0,2020-12-10
191,72,2,2020-12-17
192,72,4,2021-02-01
193,73,0,2020-03-24
194,73,1,2020-03-31
195,73,2,2020-05-13
196,73,3,2020-10-13
197,74,0,2020-05-24
198,74,1,2020-05-31
199,74,3,2020-10-01
200,75,0,2020-07-14
201,75,1,2020-07-21
202,75,2,2020-11-19
203,76,0,2020-08-31
204,76,3,2020-09-07
205,77,0,2020-04-18
206,77,2,2020-04-25
207,77,3,2020-10-25
208,78,0,2020-09-03
209,78,2,2020-09-10
210,78,4,2021-02-19
211,79,0,2020-07-30
212,79,2,2020-08-06
213,80,0,2020-09-23
214,80,2,2020-09-30
215,80,4,2021-01-17
216,81,0,2020-05-29
217,81,2,2020-06-05
218,81,4,2020-10-20
219,82,0,2020-05-02
220,82,1,2020-05-09
221,83,0,2020-05-18
222,83,1,2020-05-25
223,83,2,2020-10-29
224,83,3,2021-04-29
225,84,0,2020-06-14
226,84,1,2020-06-21
227,84,4,2020-07-07
228,85,0,2020-08-13
229,85,1,2020-08-20
230,86,0,2020-07-10
231,86,3,2020-07-17
232,87,0,2020-08-08
233,87,2,2020-08-15
234,87,3,2020-09-15
235,88,0,2020-12-30
236,88,2,2021-01-06
237,89,0,2020-03-05
238,89,2,2020-03-12
239,89,4,2020-09-02
240,90,0,2020-11-25
241,90,1,2020-12-02
242,90,2,2021-03-28
243,90,3,2021-04-28
244,91,0,2020-09-08
245,91,2,2020-09-15
246,91,4,2021-03-04
247,92,0,2020-11-02
248,92,1,2020-11-09
249,93,0,2020-03-14
250,93,2,2020-03-21
251,93,4,2020-08-30
252,94,0,2020-12-09
253,94,2,2020-12-16
254,95,0,2020-11-02
255,95,1,2020-11-09
256,95,2,2021-03-16
257,96,0,2020-08-22
258,96,1,2020-08-29
259,96,3,2021-01-23
260,97,0,2020-10-29
261,97,1,2020-11-05
262,98,0,2020-01-05
263,98,1,2020-01-12
264,98,2,2020-01-22
265,98,4,2020-04-05
266,99,0,2020-12-05
267,99,4,2020-12-12
268,100,0,2020-06-02
269,100,1,2020-06-09
270,100,2,2020-09-11
271,101,0,2020-06-08
272,101,1,2020-06-15
273,101,3,2020-07-20
274,102,0,2020-06-02
275,102,1,2020-06-09
276,102,2,2020-06-18
277,102,4,2020-12-01
278,103,0,2020-07-24
279,103,2,2020-07-31
280,103,4,2020-10-28
281,104,0,2020-03-29
282,104,2,2020-04-05
283,105,0,2020-09-20
284,105,1,2020-09-27
285,105,3,2020-10-22
286,106,0,2020-08-02
287,106,3,2020-08-09
288,107,0,2020-01-12
289,107,1,2020-01-19
290,107,2,2020-03-23
291,108,0,2020-09-10
292,108,4,2020-09-17
293,109,0,2020-10-12
294,109,1,2020-10-19
295,109,2,2021-03-20
296,110,0,2020-05-12
297,110,2,2020-05-19
298,111,0,2020-08-25
299,111,3,2020-09-01
300,112,0,2020-10-20
301,112,2,2020-10-27
302,112,4,2021-01-08
303,113,0,2020-04-10
304,113,1,2020-04-17
305,113,2,2020-09-13
306,113,4,2020-11-01
307,114,0,2020-06-05
308,114,1,2020-06-12
309,114,3,2020-09-13
310,115,0,2020-08-14
311,115,3,2020-08-21
312,116,0,2020-05-23
313,116,1,2020-05-30
314,116,4,2020-09-15
315,117,0,2020-05-22
316,117,1,2020-05-29
317,117,3,2020-11-14
318,118,0,2020-01-24
319,118,1,2020-01-31
320,118,4,2020-06-30
321,119,0,2020-11-09
322,119,1,2020-11-16
323,119,3,2021-02-27
324,120,0,2020-05-14
325,120,2,2020-05-21
326,120,3,2020-09-21
327,121,0,2020-06-18
328,121,1,2020-06-25
329,121,3,2020-10-07
330,122,0,2020-03-30
331,122,4,2020-04-06
332,123,0,2020-03-12
333,123,1,2020-03-19
334,123,4,2020-05-15
335,124,0,2020-03-17
336,124,1,2020-03-24
337,124,3,2020-06-20
338,125,0,2020-08-07
339,125,1,2020-08-14
340,125,4,2020-12-03
341,126,0,2020-09-15
342,126,1,2020-09-22
343,127,0,2020-05-23
344,127,2,2020-05-30
345,127,4,2020-08-11
346,128,0,2020-01-19
347,128,4,2020-01-26
348,129,0,2020-07-23
349,129,1,2020-07-30
350,130,0,2020-09-22
351,130,2,2020-09-29
352,131,0,2020-10-16
353,131,3,2020-10-23
354,132,0,2020-10-18
355,132,1,2020-10-25
356,132,4,2021-01-07
357,133,0,2020-03-29
358,133,1,2020-04-05
359,133,3,2020-07-11
360,134,0,2020-07-02
361,134,2,2020-07-09
362,135,0,2020-12-23
363,135,4,2020-12-30
364,136,0,2020-08-16
365,136,4,2020-08-23
366,137,0,2020-08-12
367,137,2,2020-08-19
368,138,0,2020-10-26
369,138,1,2020-11-02
370,138,2,2020-12-25
371,138,3,2021-01-25
372,139,0,2020-07-17
373,139,2,2020-07-24
374,140,0,2020-12-25
375,140,1,2021-01-01
376,141,0,2020-04-19
377,141,1,2020-04-26
378,141,3,2020-10-18
379,142,0,2020-05-30
380,142,2,2020-06-06
381,143,0,2020-12-20
382,143,1,2020-12-27
383,143,4,2021-03-03
384,144,0,2020-09-04
385,144,1,2020-09-11
386,144,2,2021-02-09
387,145,0,2020-01-17
388,145,2,2020-01-24
389,146,0,2020-07-05
390,146,1,2020-07-12
391,146,2,2020-10-28
392,146,4,2020-12-18
393,147,0,2020-12-18
394,147,2,2020-12-25
395,148,0,2020-03-12
396,148,2,2020-03-19
397,149,0,2020-12-19
398,149,1,2020-12-26
399,150,0,2020-02-05
400,150,2,2020-02-12
401,151,0,2020-09-07
402,151,1,2020-09-14
403,151,2,2020-09-17
404,152,0,2020-10-14
405,152,1,2020-10-21
406,152,2,2021-03-08
407,153,0,2020-11-28
408,153,2,2020-12-05
409,154,0,2020-03-18
410,154,1,2020-03-25
411,154,2,2020-05-01
412,155,0,2020-09-13
413,155,4,2020-09-20
414,156,0,2020-01-19
415,156,4,2020-01-26
416,157,0,2020-04-23
417,157,1,2020-04-30
418,157,3,2020-05-11
419,158,0,2020-03-02
420,158,1,2020-03-09
421,158,2,2020-05-09
422,159,0,2020-09-09
423,159,2,2020-09-16
424,160,0,2020-11-16
425,160,1,2020-11-23
426,161,0,2020-12-17
427,161,4,2020-12-24
428,162,0,2020-02-23
429,162,4,2020-03-01
430,163,0,2020-12-23
431,163,2,2020-12-30
432,164,0,2020-11-27
433,164,2,2020-12-04
434,164,4,2020-12-24
435,165,0,2020-10-05
436,165,1,2020-10-12
437,165,3,2020-11-08
438,166,0,2020-07-03
439,166,1,2020-07-10
440,166,4,2020-09-22
441,167,0,2020-05-07
442,167,2,2020-05-14
443,168,0,2020-03-07
444,168,2,2020-03-14
445,169,0,2020-04-07
446,169,4,2020-04-14
447,170,0,2020-04-18
448,170,1,2020-04-25
449,170,2,2020-08-28
450,170,3,2020-12-28
451,171,0,2020-11-28
452,171,2,2020-12-05
453,172,0,2020-12-05
454,172,1,2020-12-12
455,172,4,2021-02-15
456,173,0,2020-06-24
457,173,2,2020-07-01
458,174,0,2020-02-01
459,174,1,2020-02-08
460,174,3,2020-07-10
461,175,0,2020-08-15
462,175,2,2020-08-22
463,175,4,2020-11-23
464,176,0,2020-09-13
465,176,1,2020-09-20
466,177,0,2020-05-01
467,177,2,2020-05-08
468,177,4,2020-09-09
469,178,0,2020-02-22
470,178,4,2020-02-29
471,179,0,2020-06-13
472,179,2,2020-06-20
473,179,4,2020-09-25
474,180,0,2020-10-31
475,180,1,2020-11-07
476,180,2,2021-01-17
477,181,0,2020-02-11
478,181,2,2020-02-18
479,182,0,2020-09-26
480,182,1,2020-10-03
481,182,4,2021-02-25
482,183,0,2020-09-25
483,183,2,2020-10-02
484,184,0,2020-02-16
485,184,1,2020-02-23
486,185,0,2020-12-03
487,185,2,2020-12-10
488,186,0,2020-09-30
489,186,2,2020-10-07
490,186,4,2021-02-05
491,187,0,2020-09-19
492,187,3,2020-09-26
493,188,0,2020-02-22
494,188,1,2020-02-29
495,189,0,2020-12-09
496,189,2,2020-12-16
497,190,0,2020-04-20
498,190,1,2020-04-27
499,190,3,2020-09-04
500,191,0,2020-01-02
501,191,2,2020-01-09
502,192,0,2020-07-29
503,192,1,2020-08-05
504,193,0,2020-05-19
505,193,1,2020-05-26
506,193,2,2020-09-21
507,193,3,2020-10-21
508,194,0,2020-11-20
509,194,2,2020-11-27
510,194,4,2021-01-13
511,195,0,2020-02-08
512,195,2,2020-02-15
513,195,3,2020-06-15
514,196,0,2020-03-09
515,196,2,2020-03-16
516,197,0,2020-05-17
517,197,2,2020-05-24
518,197,4,2020-07-01
519,198,0,2020-11-11
520,198,1,2020-11-18
521,198,4,2021-03-16
522,199,0,2020-12-09
523,199,2,2020-12-16
524,200,0,2020-04-05
525,200,2,2020-04-12
526,201,0,2020-03-07
527,201,1,2020-03-14
528,202,0,2020-07-01
529,202,2,2020-07-08
530,203,0,2020-08-24
531,203,1,2020-08-31
532,203,3,2020-09-19
533,204,0,2020-06-10
534,204,1,2020-06-17
535,204,4,2020-10-05
536,205,0,2020-11-02
537,205,1,2020-11-09
538,205,3,2021-03-13
539,206,0,2020-03-17
540,206,1,2020-03-24
541,206,3,2020-09-02
542,207,0,2020-05-20
543,207,1,2020-05-27
544,208,0,2020-06-12
545,208,2,2020-06-19
546,208,3,2020-09-19
547,209,0,2020-08-13
548,209,2,2020-08-20
549,210,0,2020-02-09
550,210,2,2020-02-16
551,210,4,2020-06-21
552,211,0,2020-10-10
553,211,1,2020-10-17
554,211,3,2020-10-18
555,212,0,2020-03-02
556,212,1,2020-03-09
557,213,0,2020-08-07
558,213,3,2020-08-14
559,214,0,2020-02-03
560,214,1,2020-02-10
561,214,2,2020-05-07
562,214,4,2020-08-21
563,215,0,2020-04-16
564,215,2,2020-04-23
565,215,3,2020-07-23
566,216,0,2020-08-26
567,216,2,2020-09-02
568,217,0,2020-12-06
569,217,2,2020-12-13
570,218,0,2020-12-02
571,218,1,2020-12-09
572,218,4,2021-04-24
573,219,0,2020-10-22
574,219,2,2020-10-29
575,219,3,2021-04-29
576,220,0,2020-06-08
577,220,4,2020-06-15
578,221,0,2020-09-27
579,221,1,2020-10-04
580,221,3,2021-03-29
581,222,0,2020-08-29
582,222,1,2020-09-05
583,222,4,2020-12-25
584,223,0,2020-08-01
585,223,1,2020-08-08
586,223,3,2021-01-31
587,224,0,2020-01-26
588,224,2,2020-02-02
589,224,3,2020-05-02
590,225,0,2020-12-27
591,225,4,2021-01-03
592,226,0,2020-11-01
593,226,1,2020-11-08
594,226,2,2020-11-24
595,227,0,2020-03-02
596,227,2,2020-03-09
597,227,3,2020-08-09
598,228,0,2020-10-02
599,228,2,2020-10-09
600,228,3,2021-02-09
601,229,0,2020-07-24
602,229,1,2020-07-31
603,229,4,2021-01-24
604,230,0,2020-04-08
605,230,4,2020-04-15
606,231,0,2020-05-13
607,231,1,2020-05-20
608,231,2,2020-07-09
609,232,0,2020-08-26
610,232,1,2020-09-02
611,232,2,2021-02-03
612,233,0,2020-07-31
613,233,1,2020-08-07
614,233,3,2020-10-29
615,234,0,2020-01-19
616,234,2,2020-01-26
617,235,0,2020-08-20
618,235,1,2020-08-27
619,235,2,2020-10-17
620,236,0,2020-06-22
621,236,1,2020-06-29
622,237,0,2020-11-07
623,237,1,2020-11-14
624,237,2,2021-03-24
625,238,0,2020-10-27
626,238,1,2020-11-03
627,238,3,2020-12-23
628,239,0,2020-08-15
629,239,1,2020-08-22
630,239,4,2020-10-20
631,240,0,2020-01-14
632,240,1,2020-01-21
633,240,3,2020-03-03
634,240,4,2021-03-03
635,241,0,2020-10-03
636,241,1,2020-10-10
637,241,3,2020-11-11
638,242,0,2020-10-19
639,242,2,2020-10-26
640,243,0,2020-09-04
641,243,1,2020-09-11
642,244,0,2020-03-04
643,244,2,2020-03-11
644,245,0,2020-03-28
645,245,4,2020-04-04
646,246,0,2020-01-27
647,246,1,2020-02-03
648,247,0,2020-07-07
649,247,1,2020-07-14
650,247,2,2020-08-20
651,248,0,2020-11-09
652,248,1,2020-11-16
653,249,0,2020-02-18
654,249,2,2020-02-25
655,250,0,2020-06-15
656,250,2,2020-06-22
657,250,3,2020-09-22
658,251,0,2020-03-09
659,251,4,2020-03-16
660,252,0,2020-11-08
661,252,1,2020-11-15
662,252,2,2020-12-23
663,253,0,2020-05-15
664,253,2,2020-05-22
665,253,4,2020-10-12
666,254,0,2020-07-23
667,254,4,2020-07-30
668,255,0,2020-03-29
669,255,2,2020-04-05
670,255,3,2020-10-05
671,256,0,2020-07-13
672,256,1,2020-07-20
673,256,2,2020-11-23
674,257,0,2020-01-15
675,257,2,2020-01-22
676,257,3,2020-04-22
677,257,4,2021-04-22
678,258,0,2020-06-19
679,258,1,2020-06-26
680,258,3,2020-07-06
681,259,0,2020-11-09
682,259,1,2020-11-16
683,259,2,2021-02-13
684,260,0,2020-09-21
685,260,2,2020-09-28
686,261,0,2020-03-12
687,261,2,2020-03-19
688,261,3,2020-05-19
689,262,0,2020-05-14
690,262,1,2020-05-21
691,263,0,2020-07-10
692,263,2,2020-07-17
693,263,4,2020-07-20
694,264,0,2020-09-12
695,264,2,2020-09-19
696,264,4,2020-12-07
697,265,0,2020-06-13
698,265,1,2020-06-20
699,265,4,2020-07-14
700,266,0,2020-07-20
701,266,1,2020-07-27
702,266,3,2020-12-04
703,267,0,2020-09-19
704,267,1,2020-09-26
705,267,3,2020-10-10
706,268,0,2020-10-07
707,268,1,2020-10-14
708,268,4,2020-11-07
709,269,0,2020-07-29
710,269,1,2020-08-05
711,269,2,2020-12-06
712,270,0,2020-07-05
713,270,2,2020-07-12
714,270,3,2021-01-12
715,271,0,2020-08-29
716,271,2,2020-09-05
717,272,0,2020-12-19
718,272,1,2020-12-26
719,272,3,2021-01-17
720,273,0,2020-02-14
721,273,1,2020-02-21
722,274,0,2020-03-01
723,274,1,2020-03-08
724,275,0,2020-04-27
725,275,1,2020-05-04
726,275,4,2020-09-09
727,276,0,2020-12-25
728,276,2,2021-01-01
729,276,3,2021-03-01
730,277,0,2020-08-06
731,277,1,2020-08-13
732,278,0,2020-08-01
733,278,2,2020-08-08
734,278,3,2020-11-08
735,279,0,2020-03-31
736,279,3,2020-04-07
737,280,0,2020-06-17
738,280,1,2020-06-24
739,280,2,2020-10-28
740,280,4,2021-02-23
741,281,0,2020-01-01
742,281,1,2020-01-08
743,282,0,2020-06-21
744,282,2,2020-06-28
745,283,0,2020-06-11
746,283,1,2020-06-18
747,283,2,2020-09-11
748,283,3,2020-12-11
749,284,0,2020-07-27
750,284,2,2020-08-03
751,284,4,2020-11-18
752,285,0,2020-07-06
753,285,4,2020-07-13
754,286,0,2020-03-23
755,286,2,2020-03-30
756,287,0,2020-08-23
757,287,1,2020-08-30
758,287,3,2020-12-09
759,288,0,2020-11-28
760,288,1,2020-12-05
761,288,4,2020-12-06
762,289,0,2020-01-08
763,289,2,2020-01-15
764,290,0,2020-01-10
765,290,1,2020-01-17
766,291,0,2020-03-03
767,291,1,2020-03-10
768,291,3,2020-08-16
769,292,0,2020-08-14
770,292,1,2020-08-21
771,292,3,2020-10-18
772,293,0,2020-10-30
773,293,1,2020-11-06
774,293,2,2021-03-15
775,293,4,2021-03-18
776,294,0,2020-01-19
777,294,4,2020-01-26
778,295,0,2020-06-01
779,295,1,2020-06-08
780,295,2,2020-08-17
781,296,0,2020-10-17
782,296,4,2020-10-24
783,297,0,2020-08-13
784,297,2,2020-08-20
785,297,3,2020-12-20
786,298,0,2020-10-26
787,298,1,2020-11-02
788,298,2,2020-12-13
789,299,0,2020-09-13
790,299,1,2020-09-20
791,299,2,2020-10-28
792,299,3,2021-01-28
793,300,0,2020-04-06
794,300,1,2020-04-13
795,300,3,2020-10-04
796,301,0,2020-05-07
797,301,1,2020-05-14
798,301,2,2020-10-30
799,301,3,2021-01-30
800,302,0,2020-01-09
801,302,2,2020-01-16
802,302,4,2020-01-22
803,303,0,2020-02-13
804,303,1,2020-02-20
805,303,4,2020-06-15
806,304,0,2020-12-28
807,304,1,2021-01-04
808,304,4,2021-01-27
809,305,0,2020-11-16
810,305,1,2020-11-23
811,306,0,2020-09-09
812,306,2,2020-09-16
813,307,0,2020-04-01
814,307,1,2020-04-08
815,307,2,2020-09-27
816,307,3,2020-10-27
817,308,0,2020-04-12
818,308,1,2020-04-19
819,308,4,2020-07-22
820,309,0,2020-12-08
821,309,2,2020-12-15
822,310,0,2020-08-01
823,310,1,2020-08-08
824,310,3,2021-01-05
825,311,0,2020-12-03
826,311,1,2020-12-10
827,311,4,2021-03-01
828,312,0,2020-01-09
829,312,1,2020-01-16
830,312,2,2020-04-19
831,313,0,2020-01-15
832,313,1,2020-01-22
833,313,3,2020-06-29
834,314,0,2020-11-11
835,314,4,2020-11-18
836,315,0,2020-12-13
837,315,1,2020-12-20
838,315,2,2020-12-21
839,316,0,2020-03-31
840,316,2,2020-04-07
841,317,0,2020-10-11
842,317,4,2020-10-18
843,318,0,2020-06-20
844,318,1,2020-06-27
845,318,2,2020-09-30
846,318,3,2020-11-30
847,319,0,2020-10-25
848,319,2,2020-11-01
849,320,0,2020-09-27
850,320,2,2020-10-04
851,320,3,2021-04-04
852,321,0,2020-03-06
853,321,2,2020-03-13
854,322,0,2020-12-19
855,322,3,2020-12-26
856,323,0,2020-10-20
857,323,1,2020-10-27
858,323,2,2021-04-14
859,324,0,2020-05-07
860,324,1,2020-05-14
861,324,4,2020-07-26
862,325,0,2020-05-18
863,325,4,2020-05-25
864,326,0,2020-11-20
865,326,3,2020-11-27
866,327,0,2020-04-14
867,327,1,2020-04-21
868,327,2,2020-08-17
869,328,0,2020-10-06
870,328,1,2020-10-13
871,328,2,2021-02-02
872,329,0,2020-04-26
873,329,4,2020-05-03
874,330,0,2020-01-20
875,330,4,2020-01-27
876,331,0,2020-04-12
877,331,1,2020-04-19
878,331,4,2020-09-14
879,332,0,2020-10-11
880,332,1,2020-10-18
881,332,2,2020-11-17
882,333,0,2020-01-19
883,333,2,2020-01-26
884,333,4,2020-06-15
885,334,0,2020-08-07
886,334,1,2020-08-14
887,334,2,2021-02-09
888,335,0,2020-09-25
889,335,1,2020-10-02
890,336,0,2020-06-23
891,336,1,2020-06-30
892,336,2,2020-07-22
893,337,0,2020-11-16
894,337,1,2020-11-23
895,338,0,2020-12-12
896,338,1,2020-12-19
897,339,0,2020-05-06
898,339,1,2020-05-13
899,340,0,2020-06-27
900,340,1,2020-07-04
901,340,2,2020-07-19
902,341,0,2020-10-17
903,341,1,2020-10-24
904,341,2,2021-01-30
905,342,0,2020-06-21
906,342,1,2020-06-28
907,342,4,2020-08-19
908,343,0,2020-02-02
909,343,1,2020-02-09
910,344,0,2020-09-22
911,344,2,2020-09-29
912,344,4,2021-02-15
913,345,0,2020-04-17
914,345,1,2020-04-24
915,345,2,2020-06-07
916,345,3,2020-08-07
917,346,0,2020-11-13
918,346,2,2020-11-20
919,346,3,2021-04-20
920,347,0,2020-05-30
921,347,1,2020-06-06
922,347,3,2020-07-14
923,348,0,2020-09-14
924,348,1,2020-09-21
925,348,4,2020-09-28
926,349,0,2020-06-16
927,349,1,2020-06-23
928,349,3,2020-08-22
929,350,0,2020-04-25
930,350,1,2020-05-02
931,351,0,2020-05-24
932,351,1,2020-05-31
933,351,2,2020-07-06
934,352,0,2020-09-21
935,352,1,2020-09-28
936,352,2,2021-03-06
937,353,0,2020-11-29
938,353,3,2020-12-06
939,354,0,2020-03-19
940,354,4,2020-03-26
941,355,0,2020-10-27
942,355,2,2020-11-03
943,356,0,2020-04-09
944,356,1,2020-04-16
945,356,3,2020-07-02
946,357,0,2020-10-07
947,357,2,2020-10-14
948,357,3,2021-01-14
949,358,0,2020-02-25
950,358,2,2020-03-03
951,358,4,2020-04-02
952,359,0,2020-08-14
953,359,1,2020-08-21
954,359,2,2020-12-11
955,360,0,2020-08-27
956,360,2,2020-09-03
957,360,3,2021-02-03
958,361,0,2020-10-10
959,361,4,2020-10-17
960,362,0,2020-06-05
961,362,1,2020-06-12
962,362,3,2020-08-21
963,363,0,2020-05-06
964,363,1,2020-05-13
965,363,3,2020-07-10
966,364,0,2020-05-02
967,364,2,2020-05-09
968,364,4,2020-09-15
969,365,0,2020-06-09
970,365,2,2020-06-16
971,365,3,2020-12-16
972,366,0,2020-07-18
973,366,1,2020-07-25
974,367,0,2020-02-25
975,367,1,2020-03-03
976,367,2,2020-08-01
977,368,0,2020-10-23
978,368,1,2020-10-30
979,368,2,2021-04-02
980,369,0,2020-09-11
981,369,1,2020-09-18
982,369,4,2020-11-09
983,370,0,2020-03-08
984,370,1,2020-03-15
985,370,2,2020-08-27
986,370,3,2020-10-27
987,371,0,2020-05-06
988,371,2,2020-05-13
989,372,0,2020-05-04
990,372,1,2020-05-11
991,372,3,2020-08-08
992,373,0,2020-10-20
993,373,1,2020-10-27
994,373,2,2020-11-03
995,374,0,2020-05-18
996,374,1,2020-05-25
997,374,2,2020-06-15
998,374,4,2020-09-21
999,375,0,2020-01-01
1000,375,2,2020-01-08
1001,375,3,2020-07-08
1002,376,0,2020-10-19
1003,376,2,2020-10-26
1004,376,4,2021-03-17
1005,377,0,2020-02-11
1006,377,1,2020-02-18
1007,377,2,2020-03-17
1008,378,0,2020-04-28
1009,378,2,2020-05-05
1010,379,0,2020-02-05
1011,379,2,2020-02-12
1012,379,4,2020-05-05
1013,380,0,2020-08-01
1014,380,1,2020-08-08
1015,380,2,2020-11-29
1016,380,3,2021-02-28
1017,381,0,2020-07-21
1018,381,1,2020-07-28
1019,381,2,2020-08-22
1020,382,0,2020-02-20
1021,382,1,2020-02-27
1022,383,0,2020-01-30
1023,383,2,2020-02-06
1024,383,3,2020-08-06
1025,384,0,2020-07-26
1026,384,2,2020-08-02
1027,384,4,2020-08-23
1028,385,0,2020-07-25
1029,385,2,2020-08-01
1030,386,0,2020-09-15
1031,386,1,2020-09-22
1032,387,0,2020-02-17
1033,387,1,2020-02-24
1034,388,0,2020-11-09
1035,388,4,2020-11-16
1036,389,0,2020-01-04
1037,389,1,2020-01-11
1038,389,2,2020-06-15
1039,389,4,2020-10-27
1040,390,0,2020-12-11
1041,390,2,2020-12-18
1042,391,0,2020-06-29
1043,391,2,2020-07-06
1044,391,3,2020-09-06
1045,392,0,2020-05-31
1046,392,2,2020-06-07
1047,393,0,2020-04-11
1048,393,1,2020-04-18
1049,393,2,2020-05-05
1050,394,0,2020-08-17
1051,394,1,2020-08-24
1052,394,4,2021-01-24
1053,395,0,2020-03-31
1054,395,3,2020-04-07
1055,395,4,2021-04-07
1056,396,0,2020-09-25
1057,396,1,2020-10-02
1058,397,0,2020-01-13
1059,397,2,2020-01-20
1060,398,0,2020-07-17
1061,398,1,2020-07-24
1062,398,2,2020-10-02
1063,398,4,2021-02-27
1064,399,0,2020-03-03
1065,399,1,2020-03-10
1066,399,2,2020-05-24
1067,400,0,2020-04-27
1068,400,1,2020-05-04
1069,401,0,2020-04-14
1070,401,2,2020-04-21
1071,401,4,2020-05-22
1072,402,0,2020-06-17
1073,402,2,2020-06-24
1074,402,3,2020-10-24
1075,403,0,2020-05-15
1076,403,2,2020-05-22
1077,404,0,2020-03-29
1078,404,2,2020-04-05
1079,405,0,2020-03-02
1080,405,4,2020-03-09
1081,406,0,2020-10-17
1082,406,2,2020-10-24
1083,407,0,2020-11-03
1084,407,1,2020-11-10
1085,407,2,2021-04-12
1086,408,0,2020-01-30
1087,408,2,2020-02-06
1088,409,0,2020-09-02
1089,409,1,2020-09-09
1090,409,2,2021-01-29
1091,410,0,2020-01-27
1092,410,1,2020-02-03
1093,411,0,2020-03-16
1094,411,1,2020-03-23
1095,411,2,2020-08-15
1096,412,0,2020-06-09
1097,412,1,2020-06-16
1098,412,3,2020-10-23
1099,413,0,2020-08-27
1100,413,1,2020-09-03
1101,413,2,2020-12-21
1102,414,0,2020-10-09
1103,414,2,2020-10-16
1104,415,0,2020-10-30
1105,415,2,2020-11-06
1106,415,3,2021-02-06
1107,416,0,2020-08-07
1108,416,2,2020-08-14
1109,416,3,2021-02-14
1110,417,0,2020-01-28
1111,417,2,2020-02-04
1112,417,4,2020-03-02
1113,418,0,2020-10-07
1114,418,1,2020-10-14
1115,418,4,2020-11-22
1116,419,0,2020-03-17
1117,419,2,2020-03-24
1118,420,0,2020-05-27
1119,420,1,2020-06-03
1120,421,0,2020-03-23
1121,421,2,2020-03-30
1122,422,0,2020-12-26
1123,422,2,2021-01-02
1124,423,0,2020-10-06
1125,423,2,2020-10-13
1126,424,0,2020-12-15
1127,424,1,2020-12-22
1128,424,4,2021-04-28
1129,425,0,2020-04-04
1130,425,2,2020-04-11
1131,425,4,2020-05-25
1132,426,0,2020-10-10
1133,426,1,2020-10-17
1134,426,2,2021-02-23
1135,427,0,2020-05-31
1136,427,2,2020-06-07
1137,427,4,2020-06-23
1138,428,0,2020-10-25
1139,428,4,2020-11-01
1140,429,0,2020-02-05
1141,429,2,2020-02-12
1142,429,4,2020-07-30
1143,430,0,2020-03-13
1144,430,1,2020-03-20
1145,430,2,2020-08-05
1146,431,0,2020-12-27
1147,431,1,2021-01-03
1148,431,4,2021-03-14
1149,432,0,2020-03-19
1150,432,1,2020-03-26
1151,432,3,2020-05-22
1152,433,0,2020-10-04
1153,433,1,2020-10-11
1154,434,0,2020-11-08
1155,434,1,2020-11-15
1156,434,2,2021-02-02
1157,435,0,2020-01-09
1158,435,2,2020-01-16
1159,435,4,2020-03-08
1160,436,0,2020-12-27
1161,436,1,2021-01-03
1162,437,0,2020-05-09
1163,437,4,2020-05-16
1164,438,0,2020-01-31
1165,438,1,2020-02-07
1166,438,2,2020-04-16
1167,439,0,2020-01-09
1168,439,1,2020-01-16
1169,439,4,2020-05-04
1170,440,0,2020-03-14
1171,440,2,2020-03-21
1172,440,4,2020-04-28
1173,441,0,2020-09-27
1174,441,4,2020-10-04
1175,442,0,2020-01-28
1176,442,1,2020-02-04
1177,442,3,2020-03-11
1178,443,0,2020-11-28
1179,443,2,2020-12-05
1180,443,4,2021-03-16
1181,444,0,2020-10-14
1182,444,4,2020-10-21
1183,445,0,2020-02-13
1184,445,4,2020-02-20
1185,446,0,2020-02-20
1186,446,2,2020-02-27
1187,446,3,2020-08-27
1188,447,0,2020-04-02
1189,447,4,2020-04-09
1190,448,0,2020-08-30
1191,448,1,2020-09-06
1192,448,3,2020-10-30
1193,449,0,2020-01-06
1194,449,1,2020-01-13
1195,449,2,2020-05-07
1196,450,0,2020-09-29
1197,450,1,2020-10-06
1198,450,3,2021-01-08
1199,451,0,2020-08-31
1200,451,2,2020-09-07
1201,452,0,2020-05-11
1202,452,1,2020-05-18
1203,452,4,2020-06-22
1204,453,0,2020-02-15
1205,453,2,2020-02-22
1206,454,0,2020-06-15
1207,454,2,2020-06-22
1208,455,0,2020-08-13
1209,455,1,2020-08-20
1210,456,0,2020-02-21
1211,456,4,2020-02-28
1212,457,0,2020-11-19
1213,457,1,2020-11-26
1214,457,2,2021-03-12
1215,458,0,2020-04-25
1216,458,4,2020-05-02
1217,459,0,2020-12-07
1218,459,2,2020-12-14
1219,459,3,2021-03-14
1220,460,0,2020-12-09
1221,460,1,2020-12-16
1222,460,2,2021-04-16
1223,461,0,2020-02-21
1224,461,1,2020-02-28
1225,461,4,2020-07-30
1226,462,0,2020-05-05
1227,462,1,2020-05-12
1228,462,2,2020-09-15
1229,463,0,2020-11-27
1230,463,1,2020-12-04
1231,463,2,2021-01-23
1232,463,4,2021-04-24
1233,464,0,2020-01-11
1234,464,1,2020-01-18
1235,465,0,2020-10-24
1236,465,1,2020-10-31
1237,465,4,2021-01-03
1238,466,0,2020-03-13
1239,466,4,2020-03-20
1240,467,0,2020-06-21
1241,467,4,2020-06-28
1242,468,0,2020-04-21
1243,468,1,2020-04-28
1244,468,3,2020-05-01
1245,469,0,2020-06-17
1246,469,2,2020-06-24
1247,469,3,2020-11-24
1248,470,0,2020-04-28
1249,470,2,2020-05-05
1250,470,3,2020-08-05
1251,471,0,2020-01-31
1252,471,2,2020-02-07
1253,472,0,2020-12-23
1254,472,2,2020-12-30
1255,472,3,2021-04-30
1256,473,0,2020-03-18
1257,473,1,2020-03-25
1258,473,3,2020-04-17
1259,474,0,2020-09-01
1260,474,2,2020-09-08
1261,474,3,2021-02-08
1262,475,0,2020-07-24
1263,475,1,2020-07-31
1264,475,3,2020-12-17
1265,476,0,2020-08-22
1266,476,2,2020-08-29
1267,477,0,2020-01-28
1268,477,4,2020-02-04
1269,478,0,2020-10-23
1270,478,1,2020-10-30
1271,478,2,2021-01-19
1272,479,0,2020-10-01
1273,479,1,2020-10-08
1274,479,2,2021-01-24
1275,480,0,2020-10-05
1276,480,1,2020-10-12
1277,480,3,2021-02-10
1278,481,0,2020-07-08
1279,481,4,2020-07-15
1280,482,0,2020-06-25
1281,482,2,2020-07-02
1282,483,0,2020-01-12
1283,483,1,2020-01-19
1284,483,2,2020-07-10
1285,484,0,2020-09-17
1286,484,1,2020-09-24
1287,484,3,2021-01-15
1288,485,0,2020-05-24
1289,485,2,2020-05-31
1290,485,3,2020-07-31
1291,486,0,2020-06-27
1292,486,1,2020-07-04
1293,486,4,2020-10-10
1294,487,0,2020-12-07
1295,487,1,2020-12-14
1296,487,3,2021-01-14
1297,488,0,2020-02-15
1298,488,2,2020-02-22
1299,488,3,2020-06-22
1300,489,0,2020-08-25
1301,489,4,2020-09-01
1302,490,0,2020-04-22
1303,490,1,2020-04-29
1304,490,2,2020-06-26
1305,490,4,2020-07-01
1306,491,0,2020-07-02
1307,491,2,2020-07-09
1308,492,0,2020-02-27
1309,492,1,2020-03-05
1310,493,0,2020-07-14
1311,493,1,2020-07-21
1312,493,2,2020-08-19
1313,494,0,2020-07-18
1314,494,2,2020-07-25
1315,494,4,2021-01-06
1316,495,0,2020-01-04
1317,495,2,2020-01-11
1318,496,0,2020-02-08
1319,496,1,2020-02-15
1320,496,3,2020-07-05
1321,497,0,2020-04-08
1322,497,1,2020-04-15
1323,497,2,2020-07-18
1324,497,3,2021-01-18
1325,498,0,2020-11-13
1326,498,1,2020-11-20
1327,498,4,2021-03-08
1328,499,0,2020-02-17
1329,499,2,2020-02-24
1330,500,0,2020-09-16
1331,500,1,2020-09-23
1332,500,3,2020-12-21
1333,501,0,2020-10-15
1334,501,4,2020-10-22
1335,502,0,2020-01-25
1336,502,1,2020-02-01
1337,502,3,2020-06-25
1338,503,0,2020-09-08
1339,503,2,2020-09-15
1340,504,0,2020-05-19
1341,504,2,2020-05-26
1342,505,0,2020-11-17
1343,505,1,2020-11-24
1344,505,3,2021-01-25
1345,506,0,2020-07-11
1346,506,1,2020-07-18
1347,506,2,2020-07-26
1348,507,0,2020-07-16
1349,507,1,2020-07-23
1350,507,4,2020-11-22
1351,508,0,2020-12-20
1352,508,4,2020-12-27
1353,509,0,2020-09-23
1354,509,1,2020-09-30
1355,509,4,2020-10-14
1356,510,0,2020-02-19
1357,510,1,2020-02-26
1358,510,2,2020-04-19
1359,510,3,2020-06-19
1360,511,0,2020-11-11
1361,511,3,2020-11-18
1362,512,0,2020-12-23
1363,512,1,2020-12-30
1364,512,2,2021-04-12
1365,513,0,2020-07-27
1366,513,2,2020-08-03
1367,514,0,2020-01-29
1368,514,1,2020-02-05
1369,514,2,2020-03-11
1370,515,0,2020-05-15
1371,515,1,2020-05-22
1372,515,2,2020-07-06
1373,516,0,2020-12-21
1374,516,1,2020-12-28
1375,516,2,2021-03-20
1376,517,0,2020-07-24
1377,517,1,2020-07-31
1378,517,2,2020-11-21
1379,518,0,2020-10-06
1380,518,4,2020-10-13
1381,519,0,2020-01-22
1382,519,1,2020-01-29
1383,520,0,2020-08-16
1384,520,1,2020-08-23
1385,520,2,2021-02-16
1386,521,0,2020-06-17
1387,521,2,2020-06-24
1388,521,4,2020-11-07
1389,522,0,2020-08-26
1390,522,1,2020-09-02
1391,522,2,2020-09-26
1392,523,0,2020-04-21
1393,523,4,2020-04-28
1394,524,0,2020-08-09
1395,524,1,2020-08-16
1396,524,3,2020-08-31
1397,525,0,2020-08-31
1398,525,1,2020-09-07
1399,526,0,2020-05-20
1400,526,1,2020-05-27
1401,526,3,2020-09-23
1402,527,0,2020-04-20
1403,527,2,2020-04-27
1404,527,3,2020-08-27
1405,528,0,2020-08-06
1406,528,2,2020-08-13
1407,529,0,2020-03-30
1408,529,1,2020-04-06
1409,529,2,2020-09-13
1410,530,0,2020-02-23
1411,530,1,2020-03-01
1412,530,2,2020-08-21
1413,530,3,2020-10-21
1414,531,0,2020-04-24
1415,531,1,2020-05-01
1416,531,2,2020-08-25
1417,532,0,2020-03-28
1418,532,1,2020-04-04
1419,532,2,2020-05-24
1420,532,3,2020-09-24
1421,533,0,2020-02-01
1422,533,1,2020-02-08
1423,533,4,2020-03-05
1424,534,0,2020-05-25
1425,534,1,2020-06-01
1426,534,3,2020-08-15
1427,535,0,2020-03-26
1428,535,2,2020-04-02
1429,536,0,2020-09-07
1430,536,2,2020-09-14
1431,537,0,2020-12-21
1432,537,1,2020-12-28
1433,538,0,2020-10-12
1434,538,1,2020-10-19
1435,538,4,2021-01-22
1436,539,0,2020-04-13
1437,539,2,2020-04-20
1438,540,0,2020-08-16
1439,540,1,2020-08-23
1440,540,2,2021-01-28
1441,540,4,2021-03-09
1442,541,0,2020-07-04
1443,541,3,2020-07-11
1444,542,0,2020-04-07
1445,542,3,2020-04-14
1446,542,4,2021-04-14
1447,543,0,2020-05-05
1448,543,1,2020-05-12
1449,543,3,2020-07-03
1450,544,0,2020-03-08
1451,544,2,2020-03-15
1452,545,0,2020-03-05
1453,545,1,2020-03-12
1454,545,2,2020-04-21
1455,546,0,2020-06-02
1456,546,1,2020-06-09
1457,547,0,2020-03-05
1458,547,1,2020-03-12
1459,547,3,2020-08-24
1460,548,0,2020-03-24
1461,548,1,2020-03-31
1462,549,0,2020-10-07
1463,549,1,2020-10-14
1464,549,2,2021-01-12
1465,550,0,2020-09-24
1466,550,1,2020-10-01
1467,550,4,2021-03-22
1468,551,0,2020-05-07
1469,551,1,2020-05-14
1470,552,0,2020-07-27
1471,552,2,2020-08-03
1472,552,3,2021-01-03
1473,553,0,2020-09-30
1474,553,2,2020-10-07
1475,554,0,2020-09-27
1476,554,2,2020-10-04
1477,555,0,2020-04-24
1478,555,1,2020-05-01
1479,555,2,2020-09-24
1480,556,0,2020-08-08
1481,556,1,2020-08-15
1482,556,3,2020-10-10
1483,557,0,2020-03-02
1484,557,1,2020-03-09
1485,557,3,2020-04-24
1486,558,0,2020-12-15
1487,558,2,2020-12-22
1488,559,0,2020-11-06
1489,559,1,2020-11-13
1490,560,0,2020-06-25
1491,560,1,2020-07-02
1492,560,4,2020-09-07
1493,561,0,2020-06-18
1494,561,1,2020-06-25
1495,562,0,2020-08-06
1496,562,1,2020-08-13
1497,562,2,2020-10-23
1498,563,0,2020-06-19
1499,563,1,2020-06-26
1500,563,4,2020-07-19
1501,564,0,2020-06-19
1502,564,4,2020-06-26
1503,565,0,2020-01-02
1504,565,2,2020-01-09
1505,566,0,2020-11-26
1506,566,2,2020-12-03
1507,567,0,2020-07-12
1508,567,4,2020-07-19
1509,568,0,2020-04-02
1510,568,1,2020-04-09
1511,569,0,2020-12-12
1512,569,1,2020-12-19
1513,569,2,2021-03-31
1514,570,0,2020-10-22
1515,570,1,2020-10-29
1516,570,4,2021-03-16
1517,571,0,2020-12-15
1518,571,1,2020-12-22
1519,572,0,2020-03-28
1520,572,1,2020-04-04
1521,572,4,2020-09-08
1522,573,0,2020-07-02
1523,573,1,2020-07-09
1524,573,2,2020-11-23
1525,573,3,2021-01-23
1526,574,0,2020-10-02
1527,574,1,2020-10-09
1528,574,2,2021-01-30
1529,575,0,2020-06-16
1530,575,1,2020-06-23
1531,575,2,2020-10-31
1532,576,0,2020-12-27
1533,576,2,2021-01-03
1534,577,0,2020-12-07
1535,577,1,2020-12-14
1536,578,0,2020-01-30
1537,578,1,2020-02-06
1538,579,0,2020-01-13
1539,579,2,2020-01-20
1540,580,0,2020-10-11
1541,580,2,2020-10-18
1542,580,3,2021-03-18
1543,581,0,2020-01-05
1544,581,1,2020-01-12
1545,581,3,2020-06-01
1546,582,0,2020-11-29
1547,582,1,2020-12-06
1548,583,0,2020-02-20
1549,583,1,2020-02-27
1550,583,3,2020-03-04
1551,584,0,2020-08-22
1552,584,2,2020-08-29
1553,585,0,2020-01-22
1554,585,2,2020-01-29
1555,586,0,2020-01-12
1556,586,1,2020-01-19
1557,587,0,2020-06-21
1558,587,2,2020-06-28
1559,587,3,2020-07-28
1560,588,0,2020-12-12
1561,588,2,2020-12-19
1562,588,3,2021-04-19
1563,589,0,2020-09-14
1564,589,1,2020-09-21
1565,589,2,2020-10-01
1566,590,0,2020-02-08
1567,590,1,2020-02-15
1568,591,0,2020-05-14
1569,591,1,2020-05-21
1570,591,2,2020-08-26
1571,591,4,2020-12-08
1572,592,0,2020-02-01
1573,592,3,2020-02-08
1574,593,0,2020-03-04
1575,593,1,2020-03-11
1576,594,0,2020-01-15
1577,594,2,2020-01-22
1578,594,4,2020-03-14
1579,595,0,2020-06-04
1580,595,1,2020-06-11
1581,595,2,2020-11-18
1582,596,0,2020-05-18
1583,596,1,2020-05-25
1584,597,0,2020-03-27
1585,597,2,2020-04-03
1586,598,0,2020-12-28
1587,598,2,2021-01-04
1588,599,0,2020-02-08
1589,599,1,2020-02-15
1590,599,3,2020-05-01
1591,600,0,2020-06-20
1592,600,1,2020-06-27
1593,600,3,2020-11-09
1594,601,0,2020-01-11
1595,601,1,2020-01-18
1596,602,0,2020-03-25
1597,602,1,2020-04-01
1598,602,4,2020-05-09
1599,603,0,2020-04-20
1600,603,2,2020-04-27
1601,604,0,2020-07-21
1602,604,1,2020-07-28
1603,605,0,2020-09-23
1604,605,3,2020-09-30
1605,606,0,2020-01-27
1606,606,4,2020-02-03
1607,607,0,2020-01-02
1608,607,1,2020-01-09
1609,607,4,2020-04-03
1610,608,0,2020-06-23
1611,608,1,2020-06-30
1612,608,4,2020-11-29
1613,609,0,2020-06-12
1614,609,2,2020-06-19
1615,609,4,2020-12-01
1616,610,0,2020-12-13
1617,610,1,2020-12-20
1618,610,2,2021-03-27
1619,611,0,2020-07-31
1620,611,2,2020-08-07
1621,612,0,2020-11-14
1622,612,4,2020-11-21
1623,613,0,2020-04-26
1624,613,4,2020-05-03
1625,614,0,2020-11-07
1626,614,1,2020-11-14
1627,614,4,2021-02-14
1628,615,0,2020-06-27
1629,615,2,2020-07-04
1630,616,0,2020-03-20
1631,616,1,2020-03-27
1632,616,4,2020-03-31
1633,617,0,2020-08-30
1634,617,3,2020-09-06
1635,618,0,2020-01-16
1636,618,1,2020-01-23
1637,618,2,2020-05-08
1638,618,4,2020-08-27
1639,619,0,2020-04-21
1640,619,2,2020-04-28
1641,620,0,2020-12-06
1642,620,1,2020-12-13
1643,621,0,2020-11-06
1644,621,1,2020-11-13
1645,622,0,2020-11-30
1646,622,1,2020-12-07
1647,623,0,2020-10-14
1648,623,2,2020-10-21
1649,624,0,2020-08-24
1650,624,2,2020-08-31
1651,625,0,2020-03-21
1652,625,2,2020-03-28
1653,626,0,2020-07-08
1654,626,1,2020-07-15
1655,627,0,2020-03-09
1656,627,2,2020-03-16
1657,628,0,2020-08-01
1658,628,2,2020-08-08
1659,628,3,2021-02-08
1660,629,0,2020-11-04
1661,629,4,2020-11-11
1662,630,0,2020-01-26
1663,630,2,2020-02-02
1664,630,4,2020-06-02
1665,631,0,2020-08-03
1666,631,1,2020-08-10
1667,631,3,2020-10-22
1668,632,0,2020-04-24
1669,632,1,2020-05-01
1670,632,2,2020-08-17
1671,633,0,2020-12-27
1672,633,4,2021-01-03
1673,634,0,2020-07-15
1674,634,4,2020-07-22
1675,635,0,2020-02-17
1676,635,1,2020-02-24
1677,635,3,2020-05-27
1678,636,0,2020-09-25
1679,636,1,2020-10-02
1680,637,0,2020-09-20
1681,637,1,2020-09-27
1682,638,0,2020-09-03
1683,638,4,2020-09-10
1684,639,0,2020-07-20
1685,639,3,2020-07-27
1686,640,0,2020-03-17
1687,640,1,2020-03-24
1688,640,2,2020-08-13
1689,641,0,2020-02-25
1690,641,2,2020-03-03
1691,641,4,2020-06-06
1692,642,0,2020-03-18
1693,642,1,2020-03-25
1694,642,4,2020-05-08
1695,643,0,2020-04-03
1696,643,1,2020-04-10
1697,643,2,2020-09-17
1698,644,0,2020-01-03
1699,644,1,2020-01-10
1700,645,0,2020-05-07
1701,645,2,2020-05-14
1702,645,4,2020-05-20
1703,646,0,2020-02-28
1704,646,1,2020-03-06
1705,647,0,2020-05-01
1706,647,1,2020-05-08
1707,647,2,2020-08-06
1708,647,4,2020-12-05
1709,648,0,2020-03-16
1710,648,1,2020-03-23
1711,648,3,2020-05-30
1712,649,0,2020-09-02
1713,649,2,2020-09-09
1714,649,4,2021-01-21
1715,650,0,2020-04-16
1716,650,4,2020-04-23
1717,651,0,2020-06-12
1718,651,1,2020-06-19
1719,651,2,2020-09-02
1720,651,4,2020-10-31
1721,652,0,2020-07-20
1722,652,1,2020-07-27
1723,652,3,2020-09-25
1724,653,0,2020-06-30
1725,653,2,2020-07-07
1726,653,4,2020-07-22
1727,654,0,2020-12-01
1728,654,1,2020-12-08
1729,654,4,2021-03-10
1730,655,0,2020-04-22
1731,655,1,2020-04-29
1732,655,2,2020-05-16
1733,656,0,2020-05-22
1734,656,2,2020-05-29
1735,657,0,2020-09-25
1736,657,4,2020-10-02
1737,658,0,2020-11-14
1738,658,1,2020-11-21
1739,658,2,2021-01-27
1740,659,0,2020-09-30
1741,659,2,2020-10-07
1742,660,0,2020-05-02
1743,660,4,2020-05-09
1744,661,0,2020-04-13
1745,661,1,2020-04-20
1746,661,2,2020-07-09
1747,661,3,2020-10-09
1748,662,0,2020-01-28
1749,662,2,2020-02-04
1750,663,0,2020-09-13
1751,663,2,2020-09-20
1752,664,0,2020-01-30
1753,664,1,2020-02-06
1754,664,3,2020-04-20
1755,664,4,2021-04-20
1756,665,0,2020-09-24
1757,665,1,2020-10-01
1758,666,0,2020-12-10
1759,666,2,2020-12-17
1760,667,0,2020-12-25
1761,667,2,2021-01-01
1762,668,0,2020-02-13
1763,668,1,2020-02-20
1764,668,3,2020-06-14
1765,669,0,2020-11-28
1766,669,1,2020-12-05
1767,669,2,2021-04-24
1768,670,0,2020-01-03
1769,670,2,2020-01-10
1770,670,4,2020-02-18
1771,671,0,2020-06-01
1772,671,3,2020-06-08
1773,672,0,2020-12-29
1774,672,2,2021-01-05
1775,672,4,2021-03-01
1776,673,0,2020-01-01
1777,673,1,2020-01-08
1778,674,0,2020-02-03
1779,674,1,2020-02-10
1780,674,4,2020-04-12
1781,675,0,2020-04-25
1782,675,2,2020-05-02
1783,676,0,2020-04-22
1784,676,1,2020-04-29
1785,676,2,2020-06-08
1786,677,0,2020-12-15
1787,677,1,2020-12-22
1788,678,0,2020-03-05
1789,678,1,2020-03-12
1790,679,0,2020-06-10
1791,679,2,2020-06-17
1792,679,4,2020-11-30
1793,680,0,2020-04-11
1794,680,1,2020-04-18
1795,681,0,2020-02-23
1796,681,2,2020-03-01
1797,682,0,2020-08-21
1798,682,1,2020-08-28
1799,682,2,2020-10-15
1800,683,0,2020-07-19
1801,683,1,2020-07-26
1802,683,4,2020-08-06
1803,684,0,2020-06-09
1804,684,1,2020-06-16
1805,684,2,2020-11-16
1806,684,3,2020-12-16
1807,685,0,2020-05-09
1808,685,1,2020-05-16
1809,685,2,2020-11-09
1810,685,4,2021-02-09
1811,686,0,2020-07-24
1812,686,1,2020-07-31
1813,686,2,2020-10-11
1814,686,4,2020-11-02
1815,687,0,2020-05-23
1816,687,1,2020-05-30
1817,688,0,2020-08-13
1818,688,1,2020-08-20
1819,688,3,2020-09-20
1820,689,0,2020-12-09
1821,689,2,2020-12-16
1822,690,0,2020-04-28
1823,690,1,2020-05-05
1824,690,2,2020-06-13
1825,691,0,2020-06-15
1826,691,2,2020-06-22
1827,691,3,2020-11-22
1828,692,0,2020-11-23
1829,692,1,2020-11-30
1830,693,0,2020-08-13
1831,693,2,2020-08-20
1832,693,3,2020-09-20
1833,694,0,2020-11-26
1834,694,1,2020-12-03
1835,695,0,2020-05-04
1836,695,2,2020-05-11
1837,696,0,2020-09-27
1838,696,1,2020-10-04
1839,697,0,2020-01-23
1840,697,1,2020-01-30
1841,698,0,2020-11-12
1842,698,1,2020-11-19
1843,698,2,2021-01-28
1844,699,0,2020-06-19
1845,699,2,2020-06-26
1846,700,0,2020-12-06
1847,700,2,2020-12-13
1848,700,3,2021-03-13
1849,701,0,2020-05-10
1850,701,1,2020-05-17
1851,701,4,2020-11-07
1852,702,0,2020-01-08
1853,702,2,2020-01-15
1854,702,4,2020-02-27
1855,703,0,2020-11-02
1856,703,1,2020-11-09
1857,703,4,2020-12-04
1858,704,0,2020-12-06
1859,704,1,2020-12-13
1860,704,4,2021-01-19
1861,705,0,2020-07-15
1862,705,1,2020-07-22
1863,705,2,2020-12-14
1864,705,4,2021-02-06
1865,706,0,2020-12-07
1866,706,1,2020-12-14
1867,706,4,2021-01-24
1868,707,0,2020-08-30
1869,707,1,2020-09-06
1870,707,2,2021-02-28
1871,708,0,2020-07-05
1872,708,4,2020-07-12
1873,709,0,2020-03-11
1874,709,1,2020-03-18
1875,709,4,2020-03-30
1876,710,0,2020-09-29
1877,710,1,2020-10-06
1878,710,4,2020-12-24
1879,711,0,2020-10-02
1880,711,1,2020-10-09
1881,711,2,2020-11-16
1882,711,4,2020-12-31
1883,712,0,2020-12-26
1884,712,1,2021-01-02
1885,713,0,2020-09-15
1886,713,2,2020-09-22
1887,714,0,2020-07-28
1888,714,2,2020-08-04
1889,715,0,2020-02-21
1890,715,3,2020-02-28
1891,716,0,2020-12-23
1892,716,1,2020-12-30
1893,716,4,2021-02-16
1894,717,0,2020-01-08
1895,717,2,2020-01-15
1896,717,3,2020-06-15
1897,718,0,2020-05-24
1898,718,1,2020-05-31
1899,719,0,2020-04-11
1900,719,1,2020-04-18
1901,720,0,2020-04-27
1902,720,2,2020-05-04
1903,721,0,2020-08-12
1904,721,1,2020-08-19
1905,722,0,2020-08-21
1906,722,1,2020-08-28
1907,722,4,2021-01-31
1908,723,0,2020-05-26
1909,723,2,2020-06-02
1910,724,0,2020-10-03
1911,724,2,2020-10-10
1912,724,4,2020-11-06
1913,725,0,2020-05-30
1914,725,2,2020-06-06
1915,725,3,2020-07-06
1916,726,0,2020-03-02
1917,726,4,2020-03-09
1918,727,0,2020-04-05
1919,727,2,2020-04-12
1920,728,0,2020-06-17
1921,728,1,2020-06-24
1922,729,0,2020-04-03
1923,729,1,2020-04-10
1924,729,2,2020-08-17
1925,730,0,2020-08-15
1926,730,1,2020-08-22
1927,730,3,2020-10-27
1928,731,0,2020-09-13
1929,731,1,2020-09-20
1930,731,2,2020-09-29
1931,731,4,2021-03-07
1932,732,0,2020-06-16
1933,732,4,2020-06-23
1934,733,0,2020-04-11
1935,733,1,2020-04-18
1936,733,4,2020-04-24
1937,734,0,2020-09-05
1938,734,2,2020-09-12
1939,735,0,2020-11-23
1940,735,1,2020-11-30
1941,735,4,2021-04-04
1942,736,0,2020-03-19
1943,736,1,2020-03-26
1944,736,2,2020-04-07
1945,736,4,2020-06-04
1946,737,0,2020-11-04
1947,737,1,2020-11-11
1948,738,0,2020-01-22
1949,738,3,2020-01-29
1950,739,0,2020-12-06
1951,739,2,2020-12-13
1952,740,0,2020-12-30
1953,740,1,2021-01-06
1954,740,4,2021-04-06
1955,741,0,2020-03-24
1956,741,2,2020-03-31
1957,742,0,2020-08-13
1958,742,1,2020-08-20
1959,742,3,2020-11-22
1960,743,0,2020-07-14
1961,743,3,2020-07-21
1962,744,0,2020-04-15
1963,744,2,2020-04-22
1964,744,4,2020-09-11
1965,745,0,2020-03-05
1966,745,1,2020-03-12
1967,745,3,2020-08-25
1968,746,0,2020-11-28
1969,746,1,2020-12-05
1970,746,2,2021-02-23
1971,746,3,2021-04-23
1972,747,0,2020-11-10
1973,747,2,2020-11-17
1974,748,0,2020-02-29
1975,748,2,2020-03-07
1976,748,4,2020-07-10
1977,749,0,2020-02-02
1978,749,2,2020-02-09
1979,750,0,2020-07-03
1980,750,4,2020-07-10
1981,751,0,2020-05-31
1982,751,1,2020-06-07
1983,752,0,2020-10-28
1984,752,4,2020-11-04
1985,753,0,2020-08-26
1986,753,1,2020-09-02
1987,753,2,2021-01-23
1988,754,0,2020-04-26
1989,754,1,2020-05-03
1990,754,4,2020-05-09
1991,755,0,2020-05-09
1992,755,1,2020-05-16
1993,755,3,2020-10-22
1994,756,0,2020-02-19
1995,756,4,2020-02-26
1996,757,0,2020-11-05
1997,757,4,2020-11-12
1998,758,0,2020-10-28
1999,758,1,2020-11-04
2000,758,2,2020-12-30
2001,759,0,2020-11-11
2002,759,2,2020-11-18
2003,760,0,2020-09-27
2004,760,4,2020-10-04
2005,761,0,2020-11-18
2006,761,1,2020-11-25
2007,761,2,2021-01-19
2008,761,3,2021-02-19
2009,762,0,2020-10-07
2010,762,2,2020-10-14
2011,763,0,2020-07-02
2012,763,2,2020-07-09
2013,764,0,2020-03-04
2014,764,2,2020-03-11
2015,765,0,2020-11-17
2016,765,1,2020-11-24
2017,765,4,2021-03-12
2018,766,0,2020-12-14
2019,766,1,2020-12-21
2020,766,2,2021-03-02
2021,766,4,2021-04-05
2022,767,0,2020-08-21
2023,767,1,2020-08-28
2024,767,3,2020-12-26
2025,768,0,2020-03-23
2026,768,1,2020-03-30
2027,768,4,2020-06-01
2028,769,0,2020-11-10
2029,769,1,2020-11-17
2030,769,4,2021-02-26
2031,770,0,2020-12-03
2032,770,1,2020-12-10
2033,771,0,2020-05-20
2034,771,4,2020-05-27
2035,772,0,2020-06-11
2036,772,1,2020-06-18
2037,772,4,2020-08-20
2038,773,0,2020-09-29
2039,773,2,2020-10-06
2040,773,4,2021-01-21
2041,774,0,2020-12-04
2042,774,2,2020-12-11
2043,775,0,2020-11-24
2044,775,1,2020-12-01
2045,775,2,2020-12-03
2046,776,0,2020-12-14
2047,776,1,2020-12-21
2048,776,3,2021-04-29
2049,777,0,2020-09-06
2050,777,2,2020-09-13
2051,777,4,2020-10-07
2052,778,0,2020-06-02
2053,778,2,2020-06-09
2054,778,3,2020-11-09
2055,779,0,2020-08-16
2056,779,1,2020-08-23
2057,779,2,2020-11-14
2058,780,0,2020-08-13
2059,780,1,2020-08-20
2060,780,2,2020-12-27
2061,780,3,2021-04-27
2062,781,0,2020-11-10
2063,781,1,2020-11-17
2064,782,0,2020-09-08
2065,782,2,2020-09-15
2066,783,0,2020-05-28
2067,783,3,2020-06-04
2068,784,0,2020-12-02
2069,784,4,2020-12-09
2070,785,0,2020-04-12
2071,785,2,2020-04-19
2072,786,0,2020-05-10
2073,786,4,2020-05-17
2074,787,0,2020-09-20
2075,787,2,2020-09-27
2076,788,0,2020-05-11
2077,788,1,2020-05-18
2078,788,2,2020-06-23
2079,789,0,2020-06-28
2080,789,1,2020-07-05
2081,790,0,2020-03-10
2082,790,1,2020-03-17
2083,791,0,2020-07-24
2084,791,4,2020-07-31
2085,792,0,2020-09-19
2086,792,1,2020-09-26
2087,792,2,2020-12-27
2088,793,0,2020-05-07
2089,793,1,2020-05-14
2090,793,4,2020-10-19
2091,794,0,2020-08-22
2092,794,2,2020-08-29
2093,795,0,2020-08-22
2094,795,1,2020-08-29
2095,795,3,2020-12-13
2096,796,0,2020-04-28
2097,796,2,2020-05-05
2098,796,4,2020-06-07
2099,797,0,2020-01-17
2100,797,2,2020-01-24
2101,798,0,2020-10-11
2102,798,1,2020-10-18
2103,798,2,2020-12-05
2104,798,3,2021-03-05
2105,799,0,2020-12-12
2106,799,2,2020-12-19
2107,800,0,2020-05-12
2108,800,4,2020-05-19
2109,801,0,2020-08-11
2110,801,2,2020-08-18
2111,802,0,2020-02-05
2112,802,3,2020-02-12
2113,803,0,2020-01-23
2114,803,4,2020-01-30
2115,804,0,2020-07-12
2116,804,1,2020-07-19
2117,804,2,2020-11-13
2118,804,4,2020-11-27
2119,805,0,2020-04-02
2120,805,1,2020-04-09
2121,805,2,2020-09-02
2122,806,0,2020-05-02
2123,806,1,2020-05-09
2124,806,2,2020-05-13
2125,806,3,2020-06-13
2126,807,0,2020-03-05
2127,807,1,2020-03-12
2128,807,3,2020-07-28
2129,808,0,2020-05-17
2130,808,1,2020-05-24
2131,809,0,2020-10-20
2132,809,1,2020-10-27
2133,810,0,2020-11-22
2134,810,1,2020-11-29
2135,810,4,2020-12-02
2136,811,0,2020-03-07
2137,811,1,2020-03-14
2138,811,4,2020-07-04
2139,812,0,2020-05-13
2140,812,2,2020-05-20
2141,812,4,2020-11-15
2142,813,0,2020-02-01
2143,813,2,2020-02-08
2144,814,0,2020-11-11
2145,814,1,2020-11-18
2146,814,4,2021-04-02
2147,815,0,2020-12-02
2148,815,2,2020-12-09
2149,815,3,2021-01-09
2150,816,0,2020-01-19
2151,816,4,2020-01-26
2152,817,0,2020-05-21
2153,817,2,2020-05-28
2154,817,3,2020-08-28
2155,818,0,2020-01-16
2156,818,1,2020-01-23
2157,818,2,2020-06-25
2158,819,0,2020-01-18
2159,819,1,2020-01-25
2160,819,3,2020-06-01
2161,820,0,2020-07-22
2162,820,1,2020-07-29
2163,821,0,2020-04-15
2164,821,1,2020-04-22
2165,821,2,2020-10-06
2166,822,0,2020-10-10
2167,822,1,2020-10-17
2168,822,3,2021-03-15
2169,823,0,2020-04-07
2170,823,2,2020-04-14
2171,824,0,2020-02-14
2172,824,2,2020-02-21
2173,825,0,2020-09-27
2174,825,1,2020-10-04
2175,825,2,2020-11-10
2176,826,0,2020-07-25
2177,826,1,2020-08-01
2178,827,0,2020-11-03
2179,827,1,2020-11-10
2180,828,0,2020-06-22
2181,828,1,2020-06-29
2182,828,3,2020-12-24
2183,829,0,2020-04-13
2184,829,1,2020-04-20
2185,829,4,2020-09-23
2186,830,0,2020-07-19
2187,830,1,2020-07-26
2188,830,2,2020-12-26
2189,831,0,2020-08-10
2190,831,1,2020-08-17
2191,831,2,2020-11-13
2192,831,4,2021-01-15
2193,832,0,2020-03-07
2194,832,1,2020-03-14
2195,832,2,2020-07-13
2196,833,0,2020-10-08
2197,833,2,2020-10-15
2198,833,4,2020-10-22
2199,834,0,2020-07-05
2200,834,2,2020-07-12
2201,834,3,2020-11-12
2202,835,0,2020-10-04
2203,835,1,2020-10-11
2204,835,4,2020-11-28
2205,836,0,2020-03-24
2206,836,1,2020-03-31
2207,836,3,2020-04-16
2208,837,0,2020-11-05
2209,837,2,2020-11-12
2210,838,0,2020-03-26
2211,838,1,2020-04-02
2212,838,2,2020-07-18
2213,838,3,2020-10-18
2214,839,0,2020-08-13
2215,839,4,2020-08-20
2216,840,0,2020-04-11
2217,840,2,2020-04-18
2218,840,3,2020-05-18
2219,841,0,2020-03-12
2220,841,2,2020-03-19
2221,842,0,2020-02-11
2222,842,2,2020-02-18
2223,842,4,2020-08-14
2224,843,0,2020-08-11
2225,843,1,2020-08-18
2226,843,2,2021-02-04
2227,844,0,2020-10-14
2228,844,4,2020-10-21
2229,845,0,2020-04-21
2230,845,2,2020-04-28
2231,845,3,2020-09-28
2232,846,0,2020-03-18
2233,846,2,2020-03-25
2234,846,3,2020-09-25
2235,847,0,2020-01-20
2236,847,2,2020-01-27
2237,847,3,2020-05-27
2238,848,0,2020-12-30
2239,848,2,2021-01-06
2240,849,0,2020-06-24
2241,849,1,2020-07-01
2242,849,4,2020-10-11
2243,850,0,2020-04-22
2244,850,1,2020-04-29
2245,850,2,2020-07-03
2246,850,4,2020-10-26
2247,851,0,2020-07-18
2248,851,1,2020-07-25
2249,851,4,2020-12-06
2250,852,0,2020-03-03
2251,852,1,2020-03-10
2252,853,0,2020-03-22
2253,853,2,2020-03-29
2254,854,0,2020-07-15
2255,854,2,2020-07-22
2256,854,3,2020-09-22
2257,855,0,2020-06-17
2258,855,1,2020-06-24
2259,856,0,2020-05-02
2260,856,1,2020-05-09
2261,857,0,2020-05-16
2262,857,1,2020-05-23
2263,857,2,2020-09-01
2264,857,4,2020-12-01
2265,858,0,2020-03-22
2266,858,2,2020-03-29
2267,858,3,2020-05-29
2268,859,0,2020-11-15
2269,859,4,2020-11-22
2270,860,0,2020-07-01
2271,860,2,2020-07-08
2272,860,3,2020-11-08
2273,861,0,2020-07-22
2274,861,1,2020-07-29
2275,862,0,2020-07-18
2276,862,4,2020-07-25
2277,863,0,2020-02-11
2278,863,2,2020-02-18
2279,863,4,2020-04-20
2280,864,0,2020-04-08
2281,864,3,2020-04-15
2282,865,0,2020-02-21
2283,865,1,2020-02-28
2284,865,2,2020-04-03
2285,865,4,2020-07-20
2286,866,0,2020-07-15
2287,866,1,2020-07-22
2288,866,2,2020-12-21
2289,866,4,2021-03-25
2290,867,0,2020-04-02
2291,867,2,2020-04-09
2292,868,0,2020-03-14
2293,868,3,2020-03-21
2294,869,0,2020-12-02
2295,869,1,2020-12-09
2296,870,0,2020-08-11
2297,870,1,2020-08-18
2298,870,3,2020-08-23
2299,871,0,2020-12-18
2300,871,1,2020-12-25
2301,871,2,2021-03-07
2302,872,0,2020-10-18
2303,872,1,2020-10-25
2304,872,4,2021-03-12
2305,873,0,2020-03-24
2306,873,2,2020-03-31
2307,873,3,2020-06-30
2308,874,0,2020-04-08
2309,874,1,2020-04-15
2310,875,0,2020-03-13
2311,875,1,2020-03-20
2312,875,2,2020-08-04
2313,875,3,2020-12-04
2314,876,0,2020-04-09
2315,876,1,2020-04-16
2316,876,2,2020-07-19
2317,877,0,2020-03-23
2318,877,1,2020-03-30
2319,878,0,2020-07-27
2320,878,1,2020-08-03
2321,878,2,2020-11-23
2322,879,0,2020-09-10
2323,879,1,2020-09-17
2324,880,0,2020-08-05
2325,880,1,2020-08-12
2326,880,3,2021-01-10
2327,881,0,2020-10-17
2328,881,2,2020-10-24
2329,881,4,2020-11-25
2330,882,0,2020-02-22
2331,882,1,2020-02-29
2332,883,0,2020-03-05
2333,883,1,2020-03-12
2334,883,2,2020-07-19
2335,884,0,2020-11-01
2336,884,1,2020-11-08
2337,884,2,2020-11-25
2338,885,0,2020-03-08
2339,885,1,2020-03-15
2340,885,2,2020-06-22
2341,886,0,2020-12-09
2342,886,2,2020-12-16
2343,887,0,2020-05-12
2344,887,2,2020-05-19
2345,887,4,2020-09-25
2346,888,0,2020-02-25
2347,888,2,2020-03-03
2348,888,3,2020-05-03
2349,889,0,2020-08-20
2350,889,1,2020-08-27
2351,889,2,2020-09-13
2352,889,4,2021-03-03
2353,890,0,2020-09-22
2354,890,2,2020-09-29
2355,891,0,2020-05-07
2356,891,1,2020-05-14
2357,891,2,2020-08-12
2358,891,4,2021-02-02
2359,892,0,2020-07-20
2360,892,4,2020-07-27
2361,893,0,2020-05-16
2362,893,1,2020-05-23
2363,893,3,2020-10-15
2364,894,0,2020-11-26
2365,894,2,2020-12-03
2366,895,0,2020-09-07
2367,895,1,2020-09-14
2368,895,3,2021-02-15
2369,896,0,2020-05-31
2370,896,1,2020-06-07
2371,896,2,2020-08-16
2372,897,0,2020-06-24
2373,897,1,2020-07-01
2374,897,2,2020-08-12
2375,897,4,2020-12-30
2376,898,0,2020-05-10
2377,898,4,2020-05-17
2378,899,0,2020-04-27
2379,899,1,2020-05-04
2380,899,4,2020-07-14
2381,900,0,2020-09-27
2382,900,2,2020-10-04
2383,901,0,2020-04-21
2384,901,1,2020-04-28
2385,901,2,2020-05-22
2386,902,0,2020-12-29
2387,902,1,2021-01-05
2388,903,0,2020-05-09
2389,903,1,2020-05-16
2390,903,4,2020-06-17
2391,904,0,2020-06-29
2392,904,4,2020-07-06
2393,905,0,2020-02-19
2394,905,2,2020-02-26
2395,906,0,2020-04-14
2396,906,1,2020-04-21
2397,906,2,2020-04-29
2398,907,0,2020-03-24
2399,907,1,2020-03-31
2400,907,2,2020-06-26
2401,907,4,2020-10-20
2402,908,0,2020-02-09
2403,908,2,2020-02-16
2404,909,0,2020-09-09
2405,909,1,2020-09-16
2406,909,3,2021-01-18
2407,910,0,2020-07-23
2408,910,2,2020-07-30
2409,911,0,2020-05-01
2410,911,1,2020-05-08
2411,911,2,2020-06-05
2412,912,0,2020-12-16
2413,912,2,2020-12-23
2414,912,3,2021-02-23
2415,913,0,2020-12-27
2416,913,2,2021-01-03
2417,914,0,2020-07-18
2418,914,1,2020-07-25
2419,914,2,2020-07-30
2420,914,4,2020-10-05
2421,915,0,2020-09-28
2422,915,2,2020-10-05
2423,916,0,2020-01-19
2424,916,2,2020-01-26
2425,916,3,2020-02-26
2426,917,0,2020-07-07
2427,917,1,2020-07-14
2428,917,3,2020-10-10
2429,918,0,2020-06-03
2430,918,1,2020-06-10
2431,918,2,2020-09-01
2432,918,3,2020-12-01
2433,919,0,2020-09-12
2434,919,4,2020-09-19
2435,920,0,2020-08-19
2436,920,2,2020-08-26
2437,921,0,2020-07-26
2438,921,1,2020-08-02
2439,921,2,2020-11-20
2440,922,0,2020-11-02
2441,922,2,2020-11-09
2442,922,3,2021-02-09
2443,923,0,2020-08-28
2444,923,2,2020-09-04
2445,923,4,2020-11-04
2446,924,0,2020-06-19
2447,924,1,2020-06-26
2448,924,2,2020-12-02
2449,925,0,2020-09-21
2450,925,1,2020-09-28
2451,925,2,2021-02-04
2452,926,0,2020-07-12
2453,926,1,2020-07-19
2454,926,2,2020-10-13
2455,926,3,2021-02-13
2456,927,0,2020-01-13
2457,927,2,2020-01-20
2458,928,0,2020-07-08
2459,928,4,2020-07-15
2460,929,0,2020-04-02
2461,929,1,2020-04-09
2462,929,3,2020-08-13
2463,930,0,2020-02-14
2464,930,1,2020-02-21
2465,930,2,2020-03-24
2466,931,0,2020-01-27
2467,931,1,2020-02-03
2468,931,2,2020-02-12
2469,931,3,2020-04-12
2470,932,0,2020-11-01
2471,932,3,2020-11-08
2472,933,0,2020-05-08
2473,933,1,2020-05-15
2474,933,2,2020-06-24
2475,934,0,2020-01-07
2476,934,2,2020-01-14
2477,934,4,2020-04-25
2478,935,0,2020-01-25
2479,935,4,2020-02-01
2480,936,0,2020-09-18
2481,936,2,2020-09-25
2482,937,0,2020-02-22
2483,937,2,2020-02-29
2484,937,3,2020-08-29
2485,938,0,2020-08-01
2486,938,1,2020-08-08
2487,938,3,2020-11-08
2488,939,0,2020-03-20
2489,939,1,2020-03-27
2490,939,2,2020-08-16
2491,940,0,2020-01-17
2492,940,2,2020-01-24
2493,940,4,2020-03-22
2494,941,0,2020-09-15
2495,941,2,2020-09-22
2496,942,0,2020-12-06
2497,942,1,2020-12-13
2498,942,4,2021-01-18
2499,943,0,2020-11-13
2500,943,1,2020-11-20
2501,943,3,2021-01-14
2502,944,0,2020-09-24
2503,944,1,2020-10-01
2504,944,2,2021-01-14
2505,945,0,2020-01-07
2506,945,1,2020-01-14
2507,945,3,2020-03-25
2508,946,0,2020-07-10
2509,946,2,2020-07-17
2510,946,3,2020-12-17
2511,947,0,2020-07-13
2512,947,1,2020-07-20
2513,947,3,2020-09-19
2514,948,0,2020-03-16
2515,948,1,2020-03-23
2516,948,4,2020-08-18
2517,949,0,2020-10-07
2518,949,2,2020-10-14
2519,950,0,2020-09-13
2520,950,2,2020-09-20
2521,950,3,2021-01-20
2522,951,0,2020-07-30
2523,951,2,2020-08-06
2524,952,0,2020-08-22
2525,952,2,2020-08-29
2526,953,0,2020-09-08
2527,953,1,2020-09-15
2528,954,0,2020-11-23
2529,954,4,2020-11-30
2530,955,0,2020-07-28
2531,955,2,2020-08-04
2532,956,0,2020-02-20
2533,956,1,2020-02-27
2534,956,2,2020-07-12
2535,956,3,2021-01-12
2536,957,0,2020-04-28
2537,957,4,2020-05-05
2538,958,0,2020-07-06
2539,958,1,2020-07-13
2540,958,2,2020-11-22
2541,958,3,2021-01-22
2542,959,0,2020-04-22
2543,959,1,2020-04-29
2544,960,0,2020-10-22
2545,960,2,2020-10-29
2546,960,3,2021-02-28
2547,961,0,2020-09-12
2548,961,1,2020-09-19
2549,961,3,2020-11-21
2550,962,0,2020-06-03
2551,962,1,2020-06-10
2552,962,2,2020-09-23
2553,962,4,2020-11-20
2554,963,0,2020-01-04
2555,963,2,2020-01-11
2556,964,0,2020-10-09
2557,964,1,2020-10-16
2558,964,4,2021-02-27
2559,965,0,2020-06-19
2560,965,1,2020-06-26
2561,966,0,2020-02-09
2562,966,1,2020-02-16
2563,967,0,2020-08-21
2564,967,1,2020-08-28
2565,967,2,2021-01-15
2566,967,3,2021-04-15
2567,968,0,2020-11-22
2568,968,2,2020-11-29
2569,969,0,2020-02-21
2570,969,2,2020-02-28
2571,969,3,2020-06-28
2572,970,0,2020-10-05
2573,970,1,2020-10-12
2574,971,0,2020-01-02
2575,971,2,2020-01-09
2576,972,0,2020-02-05
2577,972,3,2020-02-12
2578,973,0,2020-01-08
2579,973,4,2020-01-15
2580,974,0,2020-09-10
2581,974,1,2020-09-17
2582,974,3,2020-10-16
2583,975,0,2020-11-15
2584,975,1,2020-11-22
2585,975,3,2021-04-30
2586,976,0,2020-11-11
2587,976,1,2020-11-18
2588,976,3,2021-02-13
2589,977,0,2020-08-04
2590,977,1,2020-08-11
2591,977,4,2020-11-03
2592,978,0,2020-08-27
2593,978,2,2020-09-03
2594,978,3,2020-11-03
2595,979,0,2020-12-28
2596,979,1,2021-01-04
2597,980,0,2020-06-12
2598,980,2,2020-06-19
2599,981,0,2020-02-16
2600,981,2,2020-02-23
2601,982,0,2020-06-13
2602,982,1,2020-06-20
2603,982,2,2020-10-14
2604,983,0,2020-12-12
2605,983,1,2020-12-19
2606,984,0,2020-06-30
2607,984,1,2020-07-07
2608,984,4,2020-09-30
2609,985,0,2020-08-02
2610,985,4,2020-08-09
2611,986,0,2020-11-16
2612,986,1,2020-11-23
2613,986,4,2021-04-13
2614,987,0,2020-01-05
2615,987,4,2020-01-12
2616,988,0,2020-05-02
2617,988,4,2020-05-09
2618,989,0,2020-09-03
2619,989,2,2020-09-10
2620,989,3,2021-01-10
2621,990,0,2020-07-23
2622,990,1,2020-07-30
2623,991,0,2020-10-18
2624,991,2,2020-10-25
2625,992,0,2020-10-17
2626,992,2,2020-10-24
2627,993,0,2020-10-31
2628,993,4,2020-11-07
2629,994,0,2020-07-25
2630,994,1,2020-08-01
2631,994,2,2020-08-27
2632,995,0,2020-06-11
2633,995,1,2020-06-18
2634,995,2,2020-12-06
2635,996,0,2020-11-11
2636,996,1,2020-11-18
2637,996,4,2020-12-07
2638,997,0,2020-07-27
2639,997,1,2020-08-03
2640,997,2,2020-08-26
2641,997,4,2020-11-14
2642,998,0,2020-10-12
2643,998,2,2020-10-19
2644,999,0,2020-10-23
2645,999,2,2020-10-30
2646,999,4,2020-12-01
2647,1000,0,2020-03-19
2648,1000,2,2020-03-26
2649,1000,4,2020-06-04
