,user_id,cookie_id,start_date
0,1,c4ca42,2020-02-04
1,2,c81e72,2020-01-18
2,3,eccbc8,2020-02-21
3,4,a87ff6,2020-02-22
4,5,e4da3b,2020-02-01
5,6,167909,2020-01-25
6,7,8f14e4,2020-02-09
7,8,c9f0f8,2020-02-12
8,9,45c48c,2020-02-07
9,10,d3d944,2020-01-23
10,11,6512bd,2020-01-17
11,12,c20ad4,2020-02-06
12,13,c51ce4,2020-02-12
13,14,aab323,2020-01-12
14,15,9bf31c,2020-01-28
15,16,c74d97,2020-01-06
16,17,70efdf,2020-02-17
17,18,6f4922,2020-02-29
18,19,1f0e3d,2020-02-11
19,20,98f137,2020-02-12
20,21,3c59dc,2020-02-14
21,22,b6d767,2020-02-08
22,23,37693c,2020-01-16
23,24,1ff1de,2020-01-23
24,25,8e296a,2020-01-08
25,26,4e732c,2020-01-26
26,27,02e74f,2020-01-31
27,28,33e75f,2020-02-29
28,29,6ea9ab,2020-01-10
29,30,34173c,2020-02-02
30,31,c16a53,2020-02-13
31,32,6364d3,2020-02-17
32,33,182be0,2020-02-03
33,34,e36985,2020-02-24
34,35,1c383c,2020-01-22
35,36,19ca14,2020-02-14
36,37,a5bfc9,2020-02-03
37,38,a5771b,2020-01-28
38,39,d67d8a,2020-01-13
39,40,d64592,2020-02-07
40,41,3416a7,2020-01-09
41,42,a1d0c6,2020-02-29
42,43,17e621,2020-02-22
43,44,f71771,2020-01-08
44,45,6c8349,2020-02-09
45,46,d9d4f4,2020-01-25
46,47,67c6a1,2020-02-20
47,48,642e92,2020-02-21
48,49,f457c5,2020-01-07
49,50,c0c7c7,2020-02-13
50,51,283802,2020-01-04
51,52,9a1158,2020-02-19
52,53,d82c8d,2020-02-06
53,54,a684ec,2020-01-30
54,55,b53b3a,2020-01-26
55,56,9f6140,2020-02-24
56,57,72b32a,2020-01-06
57,58,66f041,2020-01-26
58,59,093f65,2020-01-31
59,60,072b03,2020-01-19
60,61,7f39f8,2020-02-06
61,62,44f683,2020-02-04
62,63,03afdb,2020-02-21
63,64,ea5d2f,2020-01-29
64,65,fc490c,2020-01-15
65,66,3295c7,2020-01-13
66,67,735b90,2020-02-16
67,68,a3f390,2020-01-07
68,69,14bfa6,2020-01-02
69,70,7cbbc4,2020-01-04
70,71,e2c420,2020-02-03
71,72,32bb90,2020-01-13
72,73,d2ddea,2020-02-13
73,74,ad61ab,2020-02-11
74,75,d09bf4,2020-01-19
75,76,fbd793,2020-02-26
76,77,28dd2c,2020-01-14
77,78,35f4a8,2020-01-15
78,79,d1fe17,2020-02-11
79,80,f033ab,2020-01-22
80,81,43ec51,2020-02-26
81,82,9778d5,2020-01-12
82,83,fe9fc2,2020-02-28
83,84,68d30a,2020-02-23
84,85,3ef815,2020-02-14
85,86,93db85,2020-01-13
86,87,c7e124,2020-01-15
87,88,2a38a4,2020-01-19
88,89,764796,2020-01-07
89,90,861398,2020-02-17
90,91,54229a,2020-01-09
91,92,92cc22,2020-02-12
92,93,98dce8,2020-01-15
93,94,f4b9ec,2020-02-19
94,95,812b4b,2020-02-08
95,96,26657d,2020-01-18
96,97,e2ef52,2020-01-20
97,98,ed3d2c,2020-01-11
98,99,ac627a,2020-02-22
99,100,f89913,2020-01-19
100,101,38b3ef,2020-02-28
101,102,ec8956,2020-01-23
102,103,6974ce,2020-01-12
103,104,c9e107,2020-02-18
104,105,65b9ee,2020-02-21
105,106,f0935e,2020-02-23
106,107,a97da6,2020-01-19
107,108,a3c65c,2020-02-02
108,109,2723d0,2020-01-02
109,110,5f93f9,2020-02-22
110,111,698d51,2020-02-09
111,112,7f6ffa,2020-01-28
112,113,73278a,2020-02-17
113,114,5fd0b3,2020-01-29
114,115,2b4492,2020-01-13
115,116,c45147,2020-02-08
116,117,eb160d,2020-01-03
117,118,5ef059,2020-01-18
118,119,07e1cd,2020-02-08
119,120,da4fb5,2020-02-13
120,121,4c56ff,2020-01-07
121,122,a0a080,2020-01-07
122,123,202cb9,2020-02-14
123,124,c8ffe9,2020-01-01
124,125,3def18,2020-02-01
125,126,069059,2020-01-13
126,127,ec5dec,2020-01-04
127,128,76dc61,2020-02-14
128,129,d1f491,2020-01-24
129,130,9b8619,2020-02-19
130,131,1afa34,2020-02-01
131,132,65ded5,2020-01-27
132,133,9fc3d7,2020-01-03
133,134,02522a,2020-02-26
134,135,7f1de2,2020-02-10
135,136,42a0e1,2020-01-14
136,137,3988c7,2020-02-06
137,138,013d40,2020-01-03
138,139,e00da0,2020-02-13
139,140,138597,2020-01-28
140,141,0f28b5,2020-02-25
141,142,a8baa5,2020-02-11
142,143,903ce9,2020-01-17
143,144,0a09c8,2020-02-01
144,145,2b24d4,2020-01-22
145,146,a5e001,2020-01-01
146,147,8d5e95,2020-02-05
147,148,47d1e9,2020-02-03
148,149,f22170,2020-01-19
149,150,7ef605,2020-02-12
150,151,a8f15e,2020-02-03
151,152,37a749,2020-02-27
152,153,b3e3e3,2020-02-18
153,154,1d7f7a,2020-01-30
154,155,2a79ea,2020-01-05
155,156,1c9ac0,2020-01-24
156,157,6c4b76,2020-01-28
157,158,064096,2020-01-29
158,159,140f69,2020-01-02
159,160,b73ce3,2020-01-31
160,161,bd4c9a,2020-02-08
161,162,82aa4b,2020-02-02
162,163,0777d5,2020-01-14
163,164,fa7cdf,2020-02-21
164,165,976652,2020-02-04
165,166,7e7757,2020-02-23
166,167,5878a7,2020-01-10
167,168,006f52,2020-01-03
168,169,363663,2020-01-16
169,170,149e96,2020-02-26
170,171,a4a042,2020-01-10
171,172,1ff8a7,2020-02-04
172,173,f7e6c8,2020-01-02
173,174,bf8229,2020-02-05
174,175,821612,2020-02-20
175,176,38af86,2020-01-06
176,177,96da2f,2020-02-20
177,178,8f8551,2020-02-16
178,179,8f5329,2020-02-15
179,180,045117,2020-01-24
180,181,fc2213,2020-01-06
181,182,4c5bde,2020-01-22
182,183,cedebb,2020-02-20
183,184,6cdd60,2020-01-31
184,185,eecca5,2020-01-24
185,186,9872ed,2020-02-20
186,187,31fefc,2020-01-05
187,188,9dcb88,2020-02-23
188,189,a2557a,2020-02-11
189,190,cfecdb,2020-01-04
190,191,0aa188,2020-02-21
191,192,58a2fc,2020-02-12
192,193,bd686f,2020-02-19
193,194,a597e5,2020-02-15
194,195,0336dc,2020-01-02
195,196,084b6f,2020-02-09
196,197,85d8ce,2020-01-24
197,198,0e6597,2020-01-03
198,199,84d9ee,2020-02-17
199,200,3644a6,2020-01-02
200,201,757b50,2020-01-24
201,202,854d6f,2020-02-10
202,203,e2c0be,2020-02-28
203,204,274ad4,2020-01-12
204,205,eae27d,2020-01-02
205,206,7eabe3,2020-01-04
206,207,69adc1,2020-01-28
207,208,091d58,2020-01-30
208,209,b1d10e,2020-02-23
209,210,6f3ef7,2020-02-23
210,211,eb1637,2020-01-22
211,212,1534b7,2020-01-08
212,213,979d47,2020-01-18
213,214,ca46c1,2020-01-26
214,215,3b8a61,2020-01-18
215,216,45fbc6,2020-02-28
216,217,63dc7e,2020-01-10
217,218,e96ed4,2020-01-14
218,219,c0e190,2020-01-18
219,220,ec8ce6,2020-01-26
220,221,060ad9,2020-02-07
221,222,bcbe33,2020-02-18
222,223,115f89,2020-02-26
223,224,13fe9d,2020-01-18
224,225,d1c38a,2020-01-20
225,226,9cfdf1,2020-01-06
226,227,705f21,2020-01-13
227,228,74db12,2020-01-28
228,229,57aeee,2020-01-23
229,230,6da900,2020-01-22
230,231,9b04d1,2020-02-02
231,232,be83ab,2020-01-17
232,233,e16542,2020-01-06
233,234,289dff,2020-02-24
234,235,577ef1,2020-01-20
235,236,01161a,2020-02-21
236,237,539fd5,2020-02-27
237,238,ac1dd2,2020-01-08
238,239,555d67,2020-01-30
239,240,335f53,2020-02-03
240,241,f340f1,2020-02-14
241,242,e4a622,2020-01-03
242,243,cb70ab,2020-01-21
243,244,918890,2020-01-22
244,245,0266e3,2020-01-02
245,246,38db3a,2020-02-09
246,247,3cec07,2020-01-19
247,248,621bf6,2020-02-04
248,249,077e29,2020-01-28
249,250,6c9882,2020-02-07
250,251,19f3cd,2020-02-04
251,252,03c6b0,2020-01-13
252,253,c24cd7,2020-02-11
253,254,c52f1b,2020-02-24
254,255,fe131d,2020-01-05
255,256,f71849,2020-02-26
256,257,d96409,2020-02-01
257,258,502e4a,2020-02-14
258,259,cfa086,2020-01-27
259,260,a4f236,2020-01-08
260,261,b1a59b,2020-02-13
261,262,36660e,2020-01-31
262,263,8c19f5,2020-02-23
263,264,d6baf6,2020-02-05
264,265,e56954,2020-02-10
265,266,f76640,2020-02-20
266,267,eda80a,2020-02-08
267,268,8f121c,2020-02-23
268,269,06138b,2020-01-27
269,270,390597,2020-02-25
270,271,7f100b,2020-01-02
271,272,7a614f,2020-01-24
272,273,4734ba,2020-01-08
273,274,d947bf,2020-01-21
274,275,63923f,2020-01-02
275,276,db8e1a,2020-02-26
276,277,20f075,2020-01-18
277,278,07cdfd,2020-02-07
278,279,d39577,2020-02-20
279,280,92c8c9,2020-02-27
280,281,e3796a,2020-01-23
281,282,6a9aed,2020-02-13
282,283,0f49c8,2020-02-04
283,284,46ba9f,2020-02-25
284,285,0e0193,2020-02-11
285,286,16a5cd,2020-02-11
286,287,918317,2020-01-20
287,288,48aedb,2020-01-11
288,289,839ab4,2020-01-18
289,290,f90f2a,2020-01-19
290,291,9c838d,2020-02-08
291,292,170000,2020-02-25
292,293,53c3bc,2020-01-09
293,294,688396,2020-02-04
294,295,49182f,2020-02-28
295,296,d296c1,2020-01-31
296,297,9fd818,2020-02-01
297,298,26e359,2020-01-27
298,299,ef0d39,2020-01-08
299,300,94f6d7,2020-02-22
300,301,34ed06,2020-01-03
301,302,577bcc,2020-01-21
302,303,11b984,2020-01-04
303,304,37bc2f,2020-01-19
304,305,496e05,2020-01-16
305,306,b2eb73,2020-02-25
306,307,8e98d8,2020-02-29
307,308,a8c88a,2020-01-13
308,309,eddea8,2020-02-19
309,310,06eb61,2020-02-17
310,311,9dfcd5,2020-02-20
311,312,950a41,2020-01-10
312,313,158f30,2020-02-15
313,314,758874,2020-01-14
314,315,ad13a2,2020-01-15
315,316,3fe94a,2020-01-10
316,317,5b8add,2020-01-25
317,318,432aca,2020-02-12
318,319,8d3bba,2020-01-29
319,320,320722,2020-02-23
320,321,caf1a3,2020-02-10
321,322,5737c6,2020-02-27
322,323,bc6dc4,2020-01-15
323,324,f2fc99,2020-02-02
324,325,89f0fd,2020-01-29
325,326,a66658,2020-01-02
326,327,b83aac,2020-02-07
327,328,cd0069,2020-02-08
328,329,6faa80,2020-02-01
329,330,fe73f6,2020-01-28
330,331,6da37d,2020-02-08
331,332,c042f4,2020-02-04
332,333,310dcb,2020-01-22
333,334,2f2b26,2020-01-09
334,335,f9b902,2020-01-30
335,336,685545,2020-02-12
336,337,357a6f,2020-02-04
337,338,819f46,2020-01-03
338,339,040259,2020-02-18
339,340,40008b,2020-01-25
340,341,3dd48a,2020-02-13
341,342,58238e,2020-02-10
342,343,3ad7c2,2020-02-29
343,344,b3967a,2020-02-21
344,345,d81f9c,2020-01-08
345,346,13f989,2020-01-08
346,347,c5ff25,2020-01-22
347,348,01386b,2020-02-05
348,349,0bb4ae,2020-01-11
349,350,9de6d1,2020-02-06
350,351,efe937,2020-02-18
351,352,371bce,2020-01-04
352,353,138bb0,2020-02-17
353,354,8dd48d,2020-02-28
354,355,82cec9,2020-01-23
355,356,6c524f,2020-01-28
356,357,fb7b9f,2020-01-30
357,358,aa942a,2020-02-17
358,359,c058f5,2020-02-18
359,360,e7b24b,2020-02-04
360,361,52720e,2020-01-26
361,362,c3e878,2020-01-30
362,363,004114,2020-02-12
363,364,bac916,2020-01-06
364,365,9be40c,2020-01-06
365,366,5ef698,2020-01-14
366,367,05049e,2020-02-16
367,368,cf004f,2020-01-17
368,369,0c74b7,2020-02-12
369,370,d709f3,2020-02-26
370,371,41f1f1,2020-02-16
371,372,24b16f,2020-02-15
372,373,ffd52f,2020-01-24
373,374,ad972f,2020-02-16
374,375,f61d69,2020-01-03
375,376,142949,2020-02-08
376,377,d34ab1,2020-02-18
377,378,8bf121,2020-01-25
378,379,a02ffd,2020-01-01
379,380,bca82e,2020-01-29
380,381,00ec53,2020-02-14
381,382,4f6ffe,2020-01-19
382,383,beed13,2020-02-15
383,384,0584ce,2020-01-03
384,385,dc912a,2020-02-29
385,386,39461a,2020-02-04
386,387,8efb10,2020-01-18
387,388,d9fc5b,2020-01-17
388,389,c86a7e,2020-01-02
389,390,a01a03,2020-01-28
390,391,5a4b25,2020-01-01
391,392,f73b76,2020-01-07
392,393,70c639,2020-02-24
393,394,28f0b8,2020-01-03
394,395,154384,2020-02-18
395,396,f8c1f2,2020-01-18
396,397,e46de7,2020-02-25
397,398,b7b16e,2020-01-23
398,399,352fe2,2020-02-08
399,400,18d804,2020-02-24
400,401,816b11,2020-01-02
401,402,69cb3e,2020-01-09
402,403,bbf94b,2020-01-12
403,404,4f4adc,2020-02-03
404,405,bbcbff,2020-01-06
405,406,8cb22b,2020-02-02
406,407,f4f6dc,2020-01-17
407,408,0d0fd7,2020-02-15
408,409,a96b65,2020-02-27
409,410,1068c6,2020-02-20
410,411,17d63b,2020-02-22
411,412,b9228e,2020-02-21
412,413,0deb1c,2020-01-06
413,414,66808e,2020-02-29
414,415,42e7aa,2020-02-14
415,416,8fe009,2020-02-24
416,417,41ae36,2020-02-25
417,418,d1f255,2020-01-19
418,419,7eacb5,2020-02-13
419,420,b6f047,2020-01-25
420,421,e0c641,2020-01-14
421,422,f85454,2020-02-22
422,423,faa9af,2020-02-29
423,424,3c7781,2020-01-06
424,425,25b282,2020-02-14
425,426,6ecbdd,2020-02-11
426,427,189977,2020-02-16
427,428,8d7d8e,2020-01-27
428,429,75fc09,2020-01-21
429,430,f74909,2020-01-06
430,431,663682,2020-01-15
431,432,248e84,2020-01-07
432,433,019d38,2020-01-29
433,434,a49e94,2020-01-31
434,435,ddb306,2020-02-20
435,436,2421fc,2020-01-07
436,437,fccb60,2020-02-26
437,438,1651cf,2020-01-08
438,439,eed5af,2020-02-12
439,440,a8abb4,2020-02-14
440,441,15d4e8,2020-02-19
441,442,c203d8,2020-01-12
442,443,13f3cf,2020-02-24
443,444,550a14,2020-01-07
444,445,67f7fb,2020-02-03
445,446,1a5b1e,2020-01-23
446,447,9a9687,2020-02-19
447,448,9b70e8,2020-01-25
448,449,d61e4b,2020-01-18
449,450,f5f859,2020-01-29
450,451,941e1a,2020-01-29
451,452,9431c8,2020-02-09
452,453,49ae49,2020-01-14
453,454,e44fea,2020-02-05
454,455,821fa7,2020-01-31
455,456,250cf8,2020-02-06
456,457,42998c,2020-01-18
457,458,d07e70,2020-02-25
458,459,7fe1f8,2020-02-06
459,460,98b297,2020-01-15
460,461,0353ab,2020-01-14
461,462,51d92b,2020-02-24
462,463,428fca,2020-01-23
463,464,f1b6f2,2020-01-08
464,465,68ce19,2020-01-09
465,466,e836d8,2020-02-18
466,467,ab817c,2020-02-28
467,468,877a9b,2020-02-09
468,469,dc6a64,2020-01-30
469,470,263373,2020-01-20
470,471,8e6b42,2020-01-26
471,472,ef575e,2020-02-07
472,473,2050e0,2020-02-27
473,474,25ddc0,2020-01-27
474,475,5ef0b4,2020-01-24
475,476,598b3e,2020-01-13
476,477,74071a,2020-02-25
477,478,cfee39,2020-02-18
478,479,d18f65,2020-02-08
479,480,6ea2ef,2020-02-26
480,481,9461cc,2020-01-14
481,482,f770b6,2020-01-22
482,483,e1e32e,2020-01-03
483,484,eba0dc,2020-01-15
484,485,218a0a,2020-02-25
485,486,7d04bb,2020-02-20
486,487,a516a8,2020-01-19
487,488,c3c59e,2020-02-11
488,489,854d9f,2020-01-22
489,490,c41000,2020-01-21
490,491,559cb9,2020-01-20
491,492,55a7cf,2020-02-27
492,493,2f5570,2020-02-02
493,494,1be3bc,2020-02-23
494,495,350510,2020-01-21
495,496,b534ba,2020-01-28
496,497,7380ad,2020-02-17
497,498,05f971,2020-01-04
498,499,3cf166,2020-01-29
499,500,cee631,2020-02-28
500,184,a446d3,2020-02-15
501,477,3739cc,2020-03-13
502,394,6c68b7,2020-01-08
503,350,70dcc8,2020-02-16
504,176,a79bb0,2020-01-07
505,309,5ecc5a,2020-03-09
506,156,f7d90a,2020-02-04
507,282,676ce3,2020-03-13
508,390,8a4289,2020-02-26
509,269,081040,2020-02-16
510,261,f9dc33,2020-03-10
511,42,1306da,2020-03-18
512,189,082681,2020-02-21
513,161,28d52e,2020-02-20
514,117,c48562,2020-01-23
515,257,957dc0,2020-02-17
516,113,9ff3a2,2020-03-17
517,40,618bb1,2020-02-11
518,43,e9d012,2020-02-22
519,440,a48731,2020-03-12
520,349,2632eb,2020-02-01
521,187,83ed03,2020-01-20
522,357,2ec3a8,2020-02-28
523,242,c00e5f,2020-01-31
524,307,51556b,2020-03-25
525,29,3f11c0,2020-02-06
526,181,d08872,2020-02-01
527,466,39c4cd,2020-03-09
528,201,b90f2e,2020-02-20
529,35,166861,2020-01-27
530,446,1c1409,2020-02-01
531,400,169dd3,2020-02-26
532,219,b4cfe6,2020-02-02
533,241,0f7a74,2020-03-13
534,175,1558d7,2020-03-07
535,50,f0d927,2020-02-17
536,231,6ef636,2020-02-16
537,66,c02ce6,2020-01-30
538,356,37c844,2020-01-30
539,391,0c7d02,2020-01-14
540,458,74e816,2020-03-13
541,414,c51cb1,2020-02-29
542,75,396d06,2020-01-22
543,128,ca868e,2020-02-25
544,166,13e986,2020-03-09
545,410,c2b43f,2020-02-28
546,152,f01ba8,2020-03-14
547,38,515ef6,2020-01-30
548,359,fa8325,2020-03-02
549,217,b49d81,2020-01-24
550,186,3de39d,2020-03-07
551,47,617d26,2020-03-13
552,27,d56c2a,2020-02-09
553,143,4b2c4e,2020-01-18
554,496,f2dca6,2020-02-18
555,294,748aa2,2020-02-27
556,229,15e850,2020-01-26
557,481,81c3a3,2020-02-10
558,258,aad28d,2020-02-23
559,378,e8b021,2020-01-27
560,405,fc9a65,2020-01-23
561,170,3116b3,2020-02-29
562,192,512d3f,2020-02-18
563,276,3020df,2020-03-14
564,69,9286bc,2020-01-20
565,379,8884d5,2020-01-09
566,375,200082,2020-01-27
567,115,2d39db,2020-02-03
568,97,a60f65,2020-01-23
569,127,17ccc5,2020-01-22
570,44,0426be,2020-02-02
571,153,b28827,2020-02-18
572,279,071bc6,2020-03-10
573,214,2b2e4f,2020-02-01
574,9,358e24,2020-02-26
575,419,866825,2020-03-04
576,457,4d2600,2020-01-28
577,409,7af144,2020-03-23
578,249,a98cf7,2020-01-28
579,255,e3dfcf,2020-01-10
580,56,691f39,2020-03-18
581,245,0ed373,2020-01-05
582,325,1e776a,2020-01-30
583,443,774295,2020-02-24
584,484,1a8379,2020-01-24
585,144,a9826b,2020-02-12
586,471,7f747b,2020-01-30
587,393,7e7a2b,2020-03-24
588,287,d052fe,2020-01-26
589,464,10e982,2020-01-10
590,312,d8032d,2020-01-13
591,167,b27eda,2020-01-31
592,290,0d4a40,2020-02-12
593,469,957134,2020-02-25
594,118,fd89ac,2020-01-19
595,342,6979db,2020-02-20
596,194,55de18,2020-02-21
597,360,ffc357,2020-02-27
598,476,d7a683,2020-01-21
599,99,93000f,2020-03-06
600,41,41dd88,2020-02-05
601,439,588295,2020-03-08
602,224,4a0fa3,2020-02-09
603,53,192a3f,2020-02-13
604,336,8bfb56,2020-02-18
605,275,1c6b65,2020-01-29
606,247,0d1395,2020-01-22
607,260,3860f0,2020-02-05
608,136,356cf9,2020-01-16
609,354,1517e4,2020-03-12
610,139,d6e45f,2020-03-11
611,12,7c7bc8,2020-02-14
612,479,457262,2020-03-07
613,425,f202bc,2020-03-01
614,154,95d817,2020-02-19
615,474,f7d4ae,2020-02-20
616,422,e9ad06,2020-02-22
617,264,e3fc3a,2020-03-05
618,185,b18565,2020-02-08
619,23,12dbc8,2020-01-18
620,486,6c006d,2020-03-08
621,351,dbc2c0,2020-02-29
622,314,cf60cd,2020-02-09
623,386,4208ef,2020-02-11
624,426,991739,2020-02-17
625,491,00f35a,2020-02-10
626,299,7539c8,2020-01-08
627,169,1c6073,2020-02-03
628,436,6b4b9d,2020-01-28
629,437,da562b,2020-03-07
630,236,c402d4,2020-02-21
631,263,1048db,2020-02-24
632,197,047aa5,2020-02-04
633,493,257302,2020-02-02
634,454,2e258a,2020-02-16
635,478,86ff7b,2020-02-24
636,149,13f75e,2020-02-14
637,280,1c6925,2020-03-21
638,239,b30f95,2020-02-03
639,121,3673d6,2020-01-24
640,420,d7e55e,2020-01-27
641,196,71c9cf,2020-02-09
642,15,554588,2020-02-25
643,226,0a7b3c,2020-01-19
644,210,212611,2020-03-19
645,298,8278f2,2020-02-03
646,81,b0b666,2020-03-01
647,244,d3e3b3,2020-02-04
648,468,3e410c,2020-02-24
649,204,855694,2020-02-07
650,104,d45b22,2020-03-03
651,283,e63d48,2020-02-17
652,179,17429f,2020-03-08
653,297,e2f878,2020-02-03
654,361,2f9efb,2020-01-31
655,321,95425b,2020-03-07
656,402,0885ad,2020-02-05
657,472,32851d,2020-02-08
658,233,9fdf0a,2020-01-14
659,252,5900f6,2020-01-30
660,31,f6e010,2020-02-20
661,327,c2b807,2020-02-23
662,109,59c4b4,2020-01-21
663,155,0cb7dd,2020-01-10
664,133,5cb3eb,2020-01-21
665,416,e4f33c,2020-03-19
666,369,75260d,2020-02-17
667,441,36a153,2020-03-14
668,243,5c29e3,2020-02-19
669,301,a6d0e5,2020-01-26
670,7,300c3b,2020-02-25
671,254,2b322c,2020-03-10
672,78,553f86,2020-01-19
673,432,4abc8a,2020-01-26
674,250,019dcc,2020-02-23
675,20,d46a1c,2020-02-23
676,1,026a9a,2020-02-26
677,178,5a521c,2020-03-01
678,203,a30061,2020-03-21
679,8,0bcfa1,2020-03-05
680,455,2e21c8,2020-02-03
681,370,97652a,2020-03-09
682,68,714e75,2020-01-12
683,448,36a581,2020-02-02
684,396,d56bc0,2020-02-10
685,132,4d2bf5,2020-02-12
686,322,8a6970,2020-03-17
687,330,97d790,2020-01-31
688,348,382c04,2020-02-25
689,114,50261e,2020-02-23
690,238,80294f,2020-01-14
691,268,1ee2fe,2020-03-23
692,65,aeb73b,2020-02-04
693,98,5d36cb,2020-02-02
694,82,92f990,2020-01-26
695,306,5e7d35,2020-03-17
696,286,9c5a5e,2020-03-07
697,376,31a612,2020-02-14
698,147,455428,2020-02-06
699,480,e8aeff,2020-03-07
700,338,5a18d5,2020-01-10
701,202,067d4b,2020-02-14
702,26,0c1a6a,2020-02-08
703,72,6b93e2,2020-02-03
704,232,599af0,2020-01-30
705,77,73fc72,2020-02-03
706,131,0fc658,2020-02-05
707,198,024588,2020-01-07
708,17,85a77b,2020-02-24
709,37,9ef039,2020-03-03
710,28,5a6b2b,2020-03-29
711,404,fa1681,2020-02-13
712,225,f752fb,2020-02-08
713,295,3d502b,2020-03-16
714,134,0aedd9,2020-03-05
715,274,6f0d75,2020-01-30
716,163,b4e9a5,2020-01-29
717,36,f404ac,2020-02-28
718,221,8fbd57,2020-02-19
719,430,fe0154,2020-01-23
720,102,749717,2020-02-04
721,460,c53d1a,2020-01-29
722,499,74119e,2020-02-03
723,265,b581b0,2020-03-02
724,111,24f5a5,2020-02-15
725,16,f21200,2020-01-19
726,123,ecaa5f,2020-03-04
727,326,d619e4,2020-01-21
728,492,dbc5fe,2020-03-03
729,157,575c62,2020-02-11
730,413,fb0702,2020-01-27
731,183,368f87,2020-02-25
732,313,061fca,2020-03-05
733,150,0eecbb,2020-02-28
734,140,c3aede,2020-01-30
735,208,4a21d7,2020-02-03
736,392,a88c32,2020-01-21
737,191,eefca9,2020-03-15
738,25,6ef7b8,2020-02-04
739,49,9124c5,2020-01-16
740,55,274c8f,2020-02-18
741,148,30b742,2020-02-03
742,477,00c967,2020-04-04
743,394,e34a77,2020-01-27
744,272,8a1587,2020-01-25
745,278,69930a,2020-02-07
746,424,74c435,2020-01-25
747,22,f61748,2020-02-27
748,475,c3f1dd,2020-02-03
749,282,113d03,2020-03-20
750,173,1b5a68,2020-01-19
751,261,2bb4ed,2020-03-13
752,42,975d24,2020-03-25
753,161,0582c3,2020-03-02
754,117,1edbe0,2020-01-29
755,257,00dc3a,2020-02-20
756,113,dc7fd6,2020-04-13
757,43,e9cbc2,2020-03-07
758,120,329df4,2020-02-14
759,440,ff9338,2020-03-26
760,349,022187,2020-02-16
761,187,c73987,2020-01-21
762,57,947179,2020-01-15
763,19,39adaa,2020-02-28
764,357,1cefb6,2020-03-17
765,242,2b4063,2020-02-05
766,266,904cee,2020-03-17
767,315,9b5f71,2020-02-08
768,54,ad1f2c,2020-02-25
769,96,18f517,2020-02-04
770,466,55c55b,2020-03-26
771,35,4c40e8,2020-02-22
772,107,ccf057,2020-02-14
773,6,a2d56c,2020-02-21
774,86,fdf68a,2020-02-03
775,219,72d72c,2020-02-11
776,241,188a1c,2020-03-20
777,175,0b2457,2020-03-25
778,50,18f57c,2020-02-26
779,231,172c5b,2020-02-26
780,66,d5f9a8,2020-02-26
781,340,dce1d6,2020-02-22
782,487,251cb7,2020-01-29
783,458,3a8051,2020-03-22
784,2,3221a7,2020-01-18
785,368,3de596,2020-01-31
786,246,d8f836,2020-03-01
787,75,04de71,2020-02-09
788,128,4d5962,2020-03-15
789,166,4b9798,2020-04-05
790,142,b51d8c,2020-03-11
791,410,ee51e7,2020-03-12
792,152,6a570d,2020-03-29
793,355,a764b9,2020-02-06
794,359,198bf1,2020-03-17
795,193,71473b,2020-03-14
796,453,3b5b0f,2020-02-11
797,186,ad0651,2020-03-30
798,177,6a9c7b,2020-03-11
799,110,c59a86,2020-03-02
800,145,f18090,2020-02-03
801,27,f1e53d,2020-02-24
802,496,062b2e,2020-02-20
803,58,67303f,2020-02-22
804,294,c88e40,2020-03-03
805,229,fae8ce,2020-02-02
806,481,1f9083,2020-02-19
807,438,09f766,2020-01-30
808,382,e07182,2020-01-24
809,258,74f5ea,2020-03-21
810,483,d614e6,2020-01-09
811,405,78bfe4,2020-01-30
812,84,e1890a,2020-03-21
813,170,c5ce1c,2020-03-17
814,192,491e89,2020-02-21
815,101,ca7bbc,2020-03-25
816,473,7c4f97,2020-02-29
817,379,ad655e,2020-01-20
818,320,612cc4,2020-02-29
819,375,13a2c2,2020-01-30
820,115,0cba92,2020-02-21
821,97,dc7202,2020-01-23
822,408,6c5ffe,2020-02-28
823,59,d128a9,2020-02-06
824,127,7d2ebf,2020-02-15
825,329,e2f05b,2020-02-27
826,44,616a09,2020-02-08
827,11,44f007,2020-02-14
828,153,47b872,2020-02-23
829,279,96a40b,2020-03-20
830,214,5cf70b,2020-02-19
831,457,85daae,2020-02-23
832,281,776595,2020-02-13
833,302,d1d417,2020-01-31
834,21,4a3f9f,2020-02-22
835,3,7820ec,2020-03-11
836,324,4628c7,2020-02-19
837,398,1f8dd5,2020-02-09
838,388,91e2ea,2020-02-12
839,165,ca1bca,2020-02-29
840,56,658d6c,2020-03-18
841,296,20ea51,2020-02-25
842,138,06620e,2020-01-21
843,34,b0a0c3,2020-03-22
844,418,ae9097,2020-01-27
845,245,92cd7f,2020-01-17
846,205,bcf585,2020-01-04
847,67,3ba45d,2020-03-14
848,325,ba419e,2020-01-31
849,443,2846e0,2020-03-02
850,387,97907c,2020-02-10
851,484,ba3725,2020-02-11
852,39,b946ee,2020-01-26
853,471,dc5df4,2020-02-10
854,464,fc85d6,2020-02-07
855,498,d6a834,2020-01-06
856,277,2a53fd,2020-01-30
857,290,ff9b4b,2020-03-03
858,469,44ea1f,2020-03-17
859,300,b708af,2020-03-10
860,284,383ed5,2020-03-11
861,342,039c72,2020-03-13
862,488,e2248f,2020-02-11
863,126,d87c9b,2020-01-14
864,194,9a78ed,2020-03-09
865,463,80879b,2020-02-02
866,476,db7de3,2020-01-24
867,367,04273a,2020-03-02
868,374,869f54,2020-03-06
869,46,727d76,2020-02-09
870,336,0644ee,2020-02-29
871,318,11270e,2020-02-29
872,275,dae6f5,2020-02-10
873,247,1a6dda,2020-02-06
874,423,2ec9fb,2020-03-27
875,354,405f0d,2020-03-24
876,139,b49ced,2020-03-11
877,12,454bd7,2020-03-06
878,479,04a4e0,2020-04-05
879,425,206240,2020-03-21
880,495,478f28,2020-02-06
881,154,2637aa,2020-03-01
882,234,10c3c8,2020-03-17
883,256,25d147,2020-02-27
884,33,ae7068,2020-02-19
885,380,e33b61,2020-01-30
886,130,05009b,2020-02-28
887,116,56c015,2020-03-01
888,386,001652,2020-02-18
889,431,cd7f02,2020-01-24
890,433,b81045,2020-02-14
891,462,1e8c2d,2020-03-21
892,92,0f6c9f,2020-03-06
893,180,46317c,2020-02-16
894,263,2e83b4,2020-03-23
895,470,838000,2020-02-11
896,227,a82631,2020-01-25
897,478,da47b2,2020-03-01
898,149,75fc0f,2020-02-16
899,311,56669c,2020-03-04
900,103,e8f584,2020-01-27
901,121,5864bc,2020-01-28
902,88,2e04c6,2020-02-01
903,420,5eb096,2020-02-14
904,240,624702,2020-02-13
905,196,c2d632,2020-03-08
906,291,821878,2020-03-05
907,48,a54d00,2020-02-25
908,447,a44717,2020-03-06
909,81,f5ae11,2020-03-20
910,61,9bb58b,2020-03-03
911,244,aef9d8,2020-02-12
912,204,9310d5,2020-02-07
913,5,25cf57,2020-02-11
914,171,4753d4,2020-01-26
915,456,12bf9d,2020-02-10
916,397,adc53a,2020-03-14
917,347,8438e3,2020-01-27
918,297,1e7467,2020-02-13
919,303,529f02,2020-01-27
920,105,9cd08f,2020-02-23
921,402,5ecca8,2020-02-24
922,472,e4d9f4,2020-02-28
923,445,cd7cfd,2020-02-28
924,252,1d1488,2020-02-02
925,31,35c4ed,2020-02-21
926,327,1edc73,2020-03-01
927,253,7cd97b,2020-02-18
928,14,92ee89,2020-02-09
929,497,b355b4,2020-02-27
930,195,66f866,2020-01-06
931,199,62e9b2,2020-02-18
932,441,2a7bf3,2020-03-25
933,339,cdfa92,2020-02-29
934,243,f2aa1f,2020-02-27
935,383,6bec8d,2020-02-16
936,7,f3f25d,2020-03-18
937,254,0b7c24,2020-03-16
938,377,3551ae,2020-02-26
939,78,c90ea9,2020-01-23
940,159,2d0973,2020-01-31
941,20,0d8eb5,2020-03-07
942,1,ac1c29,2020-03-15
943,106,c20a23,2020-03-18
944,178,76f029,2020-03-03
945,68,9b6ef5,2020-01-19
946,448,13c322,2020-02-27
947,80,f1ef0b,2020-02-08
948,396,2c4013,2020-03-01
949,389,a96443,2020-01-06
950,237,092d3d,2020-03-18
951,451,6cc48e,2020-02-06
952,348,5da2e9,2020-03-17
953,337,dc3d86,2020-02-06
954,114,faabc8,2020-03-03
955,98,024e6e,2020-02-11
956,82,b2a32c,2020-02-06
957,119,0feb5d,2020-03-02
958,376,78f9b3,2020-02-16
959,147,067a26,2020-03-04
960,338,98979a,2020-01-19
961,202,3c7567,2020-03-05
962,358,fd5a4a,2020-03-09
963,79,2b5d0f,2020-02-22
964,72,7f0355,2020-02-06
965,77,5edbd6,2020-02-20
966,131,eee875,2020-02-15
967,198,301395,2020-01-18
968,17,b580b2,2020-03-20
969,310,17497a,2020-03-01
970,353,e52fd7,2020-03-02
971,489,8db5ce,2020-02-02
972,225,73b2af,2020-03-03
973,395,93ad45,2020-02-28
974,45,fe7770,2020-02-15
975,295,2447bb,2020-03-31
976,134,53c9e0,2020-03-08
977,274,75adb2,2020-02-17
978,352,dcb6c8,2020-01-13
979,36,5918b4,2020-03-04
980,362,6de4b6,2020-02-11
981,221,9061c1,2020-03-12
982,430,1404fc,2020-02-17
983,102,1f778d,2020-02-15
984,460,a4a9fd,2020-02-18
985,111,424281,2020-03-11
986,459,bdc704,2020-02-08
987,207,fbc378,2020-02-10
988,62,8480e0,2020-02-07
989,123,07dc8c,2020-03-04
990,365,7ec919,2020-01-21
991,157,a278e0,2020-03-07
992,308,aeb302,2020-02-05
993,313,96aead,2020-03-15
994,150,eca8ba,2020-03-03
995,248,de0169,2020-02-04
996,429,0bb40c,2020-01-28
997,25,9478e3,2020-03-01
998,218,858347,2020-01-27
999,434,49cb32,2020-02-18
1000,49,ed7099,2020-02-08
1001,211,28e7cd,2020-01-26
1002,449,ac418c,2020-01-18
1003,64,2c8c4a,2020-02-06
1004,55,69885d,2020-02-23
1005,184,2a6e53,2020-02-19
1006,477,995168,2020-04-08
1007,273,3c4d72,2020-01-28
1008,394,130c99,2020-01-29
1009,272,9373f5,2020-01-27
1010,190,7b65d9,2020-01-29
1011,278,814bee,2020-02-25
1012,406,1fa9dc,2020-02-10
1013,22,57ae47,2020-03-19
1014,156,1b7f3c,2020-02-24
1015,417,ec9ed1,2020-03-11
1016,282,e15cde,2020-03-20
1017,390,467446,2020-03-23
1018,173,32b30d,2020-01-25
1019,261,822069,2020-04-03
1020,42,56d55b,2020-04-07
1021,189,6008f3,2020-03-10
1022,257,114144,2020-03-18
1023,125,1194cc,2020-02-02
1024,113,728449,2020-05-03
1025,440,8f4a6d,2020-04-08
1026,187,a96445,2020-01-26
1027,57,4330a5,2020-01-27
1028,19,31ed15,2020-03-09
1029,160,e56007,2020-02-19
1030,331,384ea6,2020-02-24
1031,307,4dda01,2020-04-08
1032,91,6ec64a,2020-02-04
1033,54,2f3541,2020-03-02
1034,29,d0ab67,2020-02-09
1035,96,8f1274,2020-02-22
1036,466,25c0ae,2020-04-09
1037,10,7dbef1,2020-01-24
1038,107,a6aa7d,2020-03-05
1039,86,eddbd6,2020-02-25
1040,219,236a79,2020-02-26
1041,175,f7d953,2020-03-30
1042,231,4ecb83,2020-03-02
1043,66,7d03cf,2020-03-10
1044,340,e974ed,2020-03-10
1045,13,c39c27,2020-02-29
1046,2,d518ea,2020-02-01
1047,368,c62e72,2020-02-20
1048,246,ade5b6,2020-03-03
1049,166,78ce0d,2020-04-28
1050,344,a3dced,2020-03-15
1051,410,4e36aa,2020-04-05
1052,152,41004f,2020-04-10
1053,381,ffdd7e,2020-02-28
1054,359,91c1e4,2020-04-01
1055,217,f06f29,2020-02-17
1056,186,f57804,2020-04-28
1057,182,caf192,2020-01-24
1058,145,cbcee5,2020-03-01
1059,27,51f73c,2020-02-27
1060,143,8348c8,2020-02-09
1061,228,a4556b,2020-02-23
1062,485,40d12c,2020-03-10
1063,304,794dee,2020-02-12
1064,52,48c70d,2020-02-26
1065,438,888aa1,2020-02-09
1066,378,9540ee,2020-02-08
1067,84,bf0b5d,2020-04-04
1068,170,d7acda,2020-03-30
1069,192,43d4f4,2020-03-16
1070,276,42f483,2020-04-04
1071,101,aab89e,2020-04-16
1072,473,f7f0f8,2020-03-09
1073,320,6f4b9e,2020-03-23
1074,115,57d867,2020-03-12
1075,415,f6325a,2020-02-21
1076,97,50234d,2020-02-10
1077,108,742286,2020-02-13
1078,408,770e1c,2020-03-14
1079,329,b2969b,2020-03-07
1080,44,7bae4d,2020-02-09
1081,11,220095,2020-02-18
1082,401,a37cbf,2020-01-14
1083,279,6d5f7c,2020-04-12
1084,9,ab7746,2020-03-01
1085,419,e16ce1,2020-03-29
1086,85,296d07,2020-02-20
1087,95,afad54,2020-02-15
1088,302,341488,2020-02-13
1089,172,3d2d54,2020-02-27
1090,409,23f3f8,2020-04-06
1091,30,6d240b,2020-02-09
1092,3,a666ef,2020-04-08
1093,388,36be44,2020-02-21
1094,165,335c55,2020-03-16
1095,56,16e081,2020-04-13
1096,138,11bfeb,2020-01-28
1097,34,fc630a,2020-04-13
1098,418,3cc483,2020-01-29
1099,205,12715b,2020-01-09
1100,67,a7af4a,2020-03-18
1101,325,bf54d8,2020-02-05
1102,90,dce764,2020-02-28
1103,443,6bd6ba,2020-03-03
1104,387,e5cc5f,2020-02-10
1105,484,ec8b4e,2020-02-19
1106,39,a9e0c3,2020-02-02
1107,471,370b14,2020-02-23
1108,393,1b6d74,2020-04-21
1109,287,d4cd40,2020-02-06
1110,312,135ac5,2020-01-19
1111,498,13d2c9,2020-01-24
1112,277,8e317e,2020-02-03
1113,494,b34a08,2020-03-13
1114,300,474d39,2020-03-30
1115,284,a2ee85,2020-03-29
1116,126,8be687,2020-01-18
1117,194,01e0a8,2020-03-15
1118,360,ca5acb,2020-03-22
1119,463,5cf21f,2020-02-10
1120,99,23ecdb,2020-03-31
1121,41,b60112,2020-02-24
1122,439,64e2c8,2020-03-31
1123,206,a5162a,2020-01-07
1124,224,38eaa0,2020-02-09
1125,318,99c849,2020-03-05
1126,247,2ebe6a,2020-03-04
1127,136,12359b,2020-01-19
1128,442,ce3a75,2020-01-28
1129,354,f9ec4a,2020-04-15
1130,139,1a9a2a,2020-03-14
1131,12,9c38c8,2020-03-31
1132,293,235b61,2020-01-10
1133,495,0774fb,2020-02-13
1134,154,8bde00,2020-03-06
1135,234,501406,2020-04-12
1136,474,16920d,2020-03-02
1137,33,7b0525,2020-03-13
1138,422,8bba89,2020-03-15
1139,380,74f56f,2020-02-16
1140,215,863329,2020-01-26
1141,384,ae2a28,2020-01-30
1142,116,2113aa,2020-03-05
1143,386,595fd2,2020-02-28
1144,431,cdecf8,2020-01-26
1145,426,cf70f0,2020-02-23
1146,364,a7dc45,2020-01-06
1147,169,c796bd,2020-02-10
1148,436,2986f6,2020-01-28
1149,180,322fd1,2020-02-28
1150,236,3f0641,2020-03-21
1151,197,16fcc5,2020-02-16
1152,135,dbe2d6,2020-02-24
1153,493,9394d9,2020-02-28
1154,454,8ea6b2,2020-02-20
1155,149,f31bfd,2020-03-14
1156,311,957b3a,2020-03-13
1157,88,cca605,2020-02-06
1158,420,1d97a9,2020-02-23
1159,188,2e33e0,2020-03-20
1160,240,7c3d5f,2020-02-18
1161,196,c021a4,2020-04-06
1162,226,4978b8,2020-02-12
1163,210,ed7347,2020-04-11
1164,48,9f0ac7,2020-03-11
1165,81,611d42,2020-04-04
1166,244,48c2af,2020-03-04
1167,468,fde9a4,2020-03-13
1168,251,d5dc8b,2020-02-28
1169,204,76bb9c,2020-02-17
1170,5,6e3db3,2020-02-26
1171,427,2e3090,2020-03-07
1172,179,d7a98e,2020-03-15
1173,297,044162,2020-03-12
1174,361,f9d4e3,2020-02-11
1175,105,326508,2020-03-01
1176,472,28060c,2020-03-25
1177,444,433d04,2020-02-05
1178,233,0b87cb,2020-01-24
1179,343,5eb280,2020-03-08
1180,31,67c175,2020-03-13
1181,467,0ce3b0,2020-03-04
1182,253,5b68b6,2020-03-14
1183,14,56ed52,2020-02-25
1184,497,5bcb93,2020-03-06
1185,109,c5dd1d,2020-02-16
1186,155,86b02d,2020-02-01
1187,133,6046eb,2020-02-06
1188,199,42d377,2020-03-03
1189,369,cdec43,2020-03-15
1190,441,543a2f,2020-04-19
1191,339,e389ce,2020-03-13
1192,243,ef7e71,2020-03-13
1193,383,a74f6f,2020-03-02
1194,254,338349,2020-03-24
1195,377,91f222,2020-03-02
1196,78,ee12cf,2020-01-29
1197,159,84d725,2020-01-31
1198,250,e556f6,2020-03-02
1199,319,1b7be6,2020-02-21
1200,129,03bdcb,2020-02-21
1201,8,e8086a,2020-03-24
1202,455,218077,2020-02-07
1203,267,65fe83,2020-02-29
1204,68,a9d3f0,2020-02-13
1205,448,cc50ed,2020-03-10
1206,80,72fc3d,2020-03-01
1207,396,c6e79b,2020-03-30
1208,162,0e9f84,2020-02-21
1209,322,700fe9,2020-04-10
1210,323,71ee47,2020-02-03
1211,337,1c8905,2020-03-03
1212,60,d8fe2e,2020-02-07
1213,289,6ed910,2020-01-20
1214,124,593a35,2020-01-06
1215,98,06cc3f,2020-02-16
1216,200,2fba33,2020-01-26
1217,412,dbdd1d,2020-03-04
1218,79,3bb75e,2020-03-08
1219,232,5ea2a4,2020-02-10
1220,77,2f98e5,2020-03-18
1221,37,022f5f,2020-03-22
1222,353,689ed8,2020-03-16
1223,225,7f2acc,2020-03-14
1224,63,7c1a63,2020-02-21
1225,395,04df4c,2020-03-05
1226,216,d0acc5,2020-02-29
1227,45,6b0d06,2020-03-15
1228,274,ee8f59,2020-02-21
1229,223,eae65a,2020-03-21
1230,221,a31478,2020-03-31
1231,102,106769,2020-02-27
1232,460,f57764,2020-03-09
1233,265,b5e3d2,2020-03-25
1234,459,57d02a,2020-03-02
1235,16,349d38,2020-01-20
1236,207,aa814a,2020-02-16
1237,62,359c9d,2020-02-11
1238,123,0cd75e,2020-03-06
1239,326,44fbee,2020-02-09
1240,371,9771f7,2020-02-20
1241,157,6db5d7,2020-03-22
1242,183,957adc,2020-02-25
1243,100,46183a,2020-02-03
1244,150,fea51b,2020-03-25
1245,140,33bcb0,2020-02-21
1246,248,5fa6e2,2020-02-12
1247,137,db423e,2020-02-28
1248,208,b58db0,2020-02-21
1249,392,6ae143,2020-02-02
1250,25,0a0306,2020-03-27
1251,141,a636a4,2020-02-27
1252,94,d65932,2020-02-24
1253,218,3e9d84,2020-02-02
1254,434,97b83a,2020-02-20
1255,465,34cfdf,2020-01-26
1256,64,3ea186,2020-02-23
1257,55,a8e347,2020-02-27
1258,148,967c5f,2020-02-18
1259,394,7c63c2,2020-01-30
1260,70,b7019a,2020-01-21
1261,190,88673a,2020-02-08
1262,350,be83ce,2020-03-13
1263,406,3e84f6,2020-02-23
1264,176,7ca184,2020-01-10
1265,292,925864,2020-03-13
1266,475,9d3949,2020-02-09
1267,269,f9fdc4,2020-02-26
1268,261,1b5296,2020-04-29
1269,189,1dce93,2020-03-25
1270,257,ce318a,2020-03-19
1271,125,83fffe,2020-02-25
1272,40,831039,2020-02-13
1273,43,d643d2,2020-03-18
1274,120,58abb7,2020-03-11
1275,440,7ba91a,2020-04-11
1276,187,0e7a8c,2020-02-02
1277,357,1cd3ca,2020-03-25
1278,242,4a10ad,2020-02-28
1279,366,8d0ac0,2020-01-22
1280,54,45f8bf,2020-03-10
1281,29,45d4f7,2020-02-16
1282,4,63ce39,2020-03-19
1283,466,545a35,2020-04-12
1284,10,36dbe2,2020-01-27
1285,35,a8a7ad,2020-03-04
1286,446,86dcf2,2020-02-11
1287,220,4a978a,2020-02-22
1288,86,d8eb77,2020-03-25
1289,219,64759a,2020-03-10
1290,241,a5dabc,2020-04-11
1291,175,0ef281,2020-04-12
1292,285,795b32,2020-02-11
1293,231,a76482,2020-03-12
1294,340,9aadc2,2020-03-15
1295,2,3a9029,2020-02-16
1296,75,f9a579,2020-02-26
1297,128,3ebe9b,2020-03-19
1298,410,4febb7,2020-04-24
1299,152,17b25b,2020-04-24
1300,355,8c6d48,2020-02-10
1301,38,213cf6,2020-02-05
1302,217,4c9d72,2020-03-12
1303,182,3b5797,2020-02-08
1304,110,ffebf1,2020-03-25
1305,145,44fcb0,2020-03-24
1306,228,ad1db4,2020-02-24
1307,485,7e5595,2020-04-07
1308,294,dc62d6,2020-03-05
1309,304,ba9a58,2020-02-19
1310,52,d50c17,2020-02-28
1311,438,866d49,2020-02-25
1312,382,b9a0f7,2020-02-21
1313,378,85e66c,2020-03-08
1314,405,f4eabe,2020-02-02
1315,170,597f2d,2020-04-23
1316,192,3e9229,2020-03-24
1317,276,260448,2020-04-15
1318,101,85a869,2020-04-28
1319,473,2627f7,2020-03-24
1320,69,0cefde,2020-02-16
1321,320,f1d981,2020-04-02
1322,375,23ca32,2020-02-16
1323,115,800a20,2020-03-25
1324,415,535cc0,2020-03-04
1325,97,812e1b,2020-02-14
1326,108,d7d12e,2020-02-22
1327,59,52c8ed,2020-02-09
1328,44,f757dc,2020-02-22
1329,279,47c697,2020-04-20
1330,214,5e526c,2020-03-11
1331,9,aa4314,2020-03-15
1332,457,bbdac6,2020-03-07
1333,85,c8d024,2020-02-26
1334,281,a05109,2020-02-28
1335,302,ca844e,2020-02-28
1336,30,39b405,2020-02-16
1337,288,e35f23,2020-01-27
1338,21,a16550,2020-03-18
1339,3,c69b7b,2020-04-29
1340,165,ce3d64,2020-04-01
1341,56,54e5cc,2020-05-03
1342,151,c0c44e,2020-02-22
1343,296,ecfc8f,2020-03-18
1344,74,643cca,2020-02-27
1345,34,57e5d6,2020-05-04
1346,418,c3f9df,2020-02-13
1347,245,6f9d5d,2020-01-30
1348,67,4a95e1,2020-04-14
1349,325,6ba042,2020-02-21
1350,90,f855d1,2020-03-09
1351,443,9b63ef,2020-03-07
1352,387,cd5e23,2020-03-09
1353,334,83c90d,2020-02-02
1354,144,978360,2020-03-06
1355,39,b42dea,2020-02-29
1356,393,73b2a6,2020-04-27
1357,287,79bea2,2020-02-20
1358,464,d5d96d,2020-02-17
1359,312,bd7e5e,2020-02-14
1360,167,4351a6,2020-02-24
1361,498,ada34c,2020-02-06
1362,494,4c0e26,2020-03-18
1363,300,cb41cf,2020-04-12
1364,118,110cfc,2020-02-12
1365,194,f78dc6,2020-03-23
1366,374,aee327,2020-03-23
1367,41,b98d87,2020-03-11
1368,439,6c8311,2020-04-11
1369,206,8dfcc4,2020-02-05
1370,53,540486,2020-03-01
1371,32,ba790a,2020-02-19
1372,318,2e1e29,2020-03-10
1373,275,66efeb,2020-03-09
1374,247,3a8d9f,2020-03-30
1375,260,3d83d3,2020-03-02
1376,423,efbd1e,2020-04-10
1377,139,c1157e,2020-03-15
1378,12,648115,2020-04-27
1379,479,664816,2020-04-16
1380,411,f488f9,2020-02-27
1381,425,952e3d,2020-03-28
1382,495,eef00f,2020-03-05
1383,234,64114d,2020-04-25
1384,316,8c2ea6,2020-02-05
1385,403,9ab09e,2020-02-03
1386,33,16c732,2020-03-28
1387,422,bf6d28,2020-03-22
1388,264,3cfd39,2020-03-08
1389,185,7a215b,2020-02-20
1390,380,45ba1f,2020-03-02
1391,215,827828,2020-02-05
1392,270,097ef0,2020-03-01
1393,23,36e2d2,2020-02-14
1394,486,12d9ac,2020-03-26
1395,351,c812a8,2020-03-02
1396,116,9072b5,2020-03-17
1397,314,3b46d1,2020-02-24
1398,386,5ec8bc,2020-03-06
1399,431,ef973c,2020-02-22
1400,426,9a881a,2020-03-14
1401,433,8e3c60,2020-03-12
1402,462,db1906,2020-03-26
1403,345,1d81a0,2020-01-25
1404,436,6baaac,2020-02-19
1405,180,27beba,2020-03-10
1406,263,0f5c54,2020-04-21
1407,197,44b73b,2020-02-18
1408,135,d4cbe4,2020-03-01
1409,470,705e88,2020-03-01
1410,454,341eee,2020-03-15
1411,227,2b18cf,2020-02-14
1412,478,818387,2020-03-24
1413,73,528446,2020-02-19
1414,103,71261c,2020-02-20
1415,121,c5f4d3,2020-01-30
1416,420,78869c,2020-03-17
1417,188,6575e1,2020-04-09
1418,291,58c5ce,2020-03-21
1419,48,50fbda,2020-04-09
1420,298,c2b6fb,2020-02-13
1421,81,a6c3e9,2020-04-20
1422,61,31ef81,2020-03-05
1423,244,12010e,2020-03-13
1424,251,27ca09,2020-03-27
1425,204,eb28c1,2020-03-12
1426,171,ad0e0b,2020-01-30
1427,456,2ca105,2020-02-21
1428,397,ccafa4,2020-03-28
1429,179,c6af6f,2020-04-12
1430,297,6699f5,2020-03-27
1431,321,11fb62,2020-03-23
1432,303,29ba4a,2020-02-20
1433,472,b9b37b,2020-04-15
1434,444,7f2a9f,2020-02-10
1435,93,5fb432,2020-02-07
1436,252,627b73,2020-02-21
1437,31,f381a3,2020-04-06
1438,253,41f96b,2020-03-30
1439,497,7ed3c4,2020-03-17
1440,109,1c1827,2020-03-08
1441,155,29ed17,2020-02-07
1442,133,081823,2020-03-02
1443,416,eb6dce,2020-04-10
1444,199,30cf50,2020-03-18
1445,369,3e976d,2020-03-18
1446,383,ffe4fa,2020-03-11
1447,230,045eae,2020-01-24
1448,7,3db901,2020-04-10
1449,78,02ab48,2020-02-10
1450,432,bf9484,2020-02-24
1451,20,1fef92,2020-03-07
1452,1,14de71,2020-03-25
1453,106,9d952a,2020-03-30
1454,346,a83fe6,2020-01-19
1455,71,dc259d,2020-02-12
1456,448,1893d2,2020-03-21
1457,146,2bae8b,2020-01-16
1458,80,faf340,2020-03-02
1459,396,72483e,2020-03-31
1460,162,019287,2020-02-26
1461,132,203332,2020-03-03
1462,322,aab11a,2020-05-03
1463,389,eb2e77,2020-01-11
1464,330,bc0725,2020-02-01
1465,237,5df013,2020-03-21
1466,451,775d62,2020-02-19
1467,262,70d128,2020-02-03
1468,323,90ea04,2020-02-18
1469,348,b4ca8e,2020-04-13
1470,337,37d83e,2020-03-27
1471,114,80c7fe,2020-03-03
1472,399,6fa64e,2020-02-20
1473,112,8fcbe4,2020-02-15
1474,65,c41c99,2020-02-19
1475,124,755606,2020-01-17
1476,98,64a2cd,2020-03-11
1477,480,43ab26,2020-03-18
1478,26,ada1f4,2020-03-04
1479,72,981210,2020-02-11
1480,232,d653c0,2020-02-12
1481,28,25ffae,2020-04-03
1482,353,b482a7,2020-03-19
1483,489,c72047,2020-02-20
1484,225,af9a20,2020-03-21
1485,83,c3fe7f,2020-03-05
1486,395,84a76b,2020-03-07
1487,216,2ecd95,2020-03-02
1488,45,5e7177,2020-04-03
1489,295,1fd98f,2020-04-08
1490,213,e24f82,2020-02-14
1491,274,98fea4,2020-03-18
1492,223,534f9b,2020-04-09
1493,352,29c7fc,2020-01-26
1494,362,97e9e9,2020-02-22
1495,221,8bdb06,2020-04-25
1496,430,c92a6e,2020-03-12
1497,158,d1769c,2020-02-15
1498,111,c70dec,2020-04-09
1499,459,b5f8df,2020-03-13
1500,16,2a9154,2020-01-25
1501,207,217325,2020-02-19
1502,62,181819,2020-02-29
1503,123,c4341f,2020-03-21
1504,326,78afce,2020-03-02
1505,385,b442d8,2020-03-04
1506,492,158f74,2020-03-07
1507,157,e24ca5,2020-04-11
1508,308,0f0071,2020-02-24
1509,313,caf566,2020-04-01
1510,208,4d952d,2020-03-16
1511,392,4b1b90,2020-02-06
1512,429,6a610b,2020-02-17
1513,25,82bc98,2020-03-29
1514,141,3a4b22,2020-03-26
1515,94,71e764,2020-03-20
1516,218,501162,2020-02-14
1517,434,2a532c,2020-02-23
1518,211,dee29e,2020-02-15
1519,465,e972ab,2020-02-09
1520,449,7a53d4,2020-02-14
1521,87,7de4e2,2020-01-22
1522,273,06fafc,2020-02-01
1523,51,e06515,2020-01-23
1524,272,300cc4,2020-02-17
1525,70,0fb544,2020-01-29
1526,190,7861c2,2020-02-19
1527,350,bc7f8c,2020-03-23
1528,424,c62387,2020-02-12
1529,406,26d52f,2020-02-29
1530,176,bfd1bf,2020-01-28
1531,22,d47de2,2020-03-19
1532,156,6f0f86,2020-03-20
1533,390,97cf1d,2020-04-18
1534,173,7bfc53,2020-02-21
1535,261,9f3a01,2020-05-11
1536,42,cb11e2,2020-04-21
1537,189,8f11c3,2020-04-01
1538,161,182fc4,2020-03-16
1539,117,5d0d25,2020-02-24
1540,40,737d37,2020-02-21
1541,43,730b0a,2020-04-08
1542,120,cc15a8,2020-04-06
1543,440,b6aeb3,2020-04-16
1544,19,10e60b,2020-03-27
1545,160,0654dd,2020-03-09
1546,357,d1381a,2020-04-23
1547,242,c062a6,2020-03-03
1548,331,d7ab2d,2020-03-12
1549,266,ff589e,2020-04-15
1550,315,21c1f3,2020-02-09
1551,307,2895d2,2020-04-11
1552,91,725803,2020-02-24
1553,29,e2fea1,2020-02-22
1554,181,2d04f6,2020-02-29
1555,10,a5eabc,2020-02-21
1556,35,bd3e41,2020-03-22
1557,107,5725df,2020-03-22
1558,446,cf0e35,2020-03-03
1559,86,0b2c22,2020-04-17
1560,400,bf07c1,2020-03-20
1561,219,f4c5d6,2020-03-21
1562,175,19450a,2020-05-05
1563,363,13b038,2020-03-12
1564,50,718f49,2020-03-15
1565,231,569a46,2020-03-19
1566,66,f0259d,2020-03-25
1567,340,a5391b,2020-03-17
1568,356,d0b56a,2020-02-03
1569,391,4d02a1,2020-01-21
1570,487,5667ad,2020-02-02
1571,368,3b5a90,2020-02-21
1572,128,bac1e1,2020-03-30
1573,355,f28438,2020-03-06
1574,222,3eb392,2020-03-09
1575,38,6df816,2020-02-28
1576,164,1e72dc,2020-02-22
1577,217,642b76,2020-04-01
1578,177,007c20,2020-04-07
1579,182,879617,2020-02-22
1580,110,53f242,2020-04-07
1581,145,0be779,2020-04-18
1582,58,70804f,2020-02-22
1583,228,b0240a,2020-03-18
1584,481,1312a7,2020-03-07
1585,52,886f15,2020-03-01
1586,258,79dcb4,2020-04-02
1587,378,b2d0ec,2020-04-03
1588,483,ec9947,2020-02-03
1589,450,ba275f,2020-02-26
1590,405,26e8e9,2020-02-02
1591,84,08494b,2020-04-28
1592,170,0e2865,2020-05-09
1593,192,9a0dce,2020-03-25
1594,101,97b3d3,2020-05-17
1595,379,f1a3d4,2020-02-15
1596,115,d7df7b,2020-04-14
1597,415,0ff4aa,2020-03-17
1598,97,c2ad4f,2020-02-15
1599,59,64b8ea,2020-02-22
1600,127,fb9e49,2020-03-15
1601,329,ab0696,2020-03-26
1602,44,f719c0,2020-02-22
1603,11,0af642,2020-02-23
1604,401,2bc5b5,2020-01-28
1605,153,8ff55a,2020-03-06
1606,214,8c3236,2020-03-16
1607,9,921931,2020-03-26
1608,85,90090d,2020-03-02
1609,281,355624,2020-03-19
1610,95,1a3c5e,2020-02-20
1611,259,9f76ef,2020-01-31
1612,302,4a2e0b,2020-03-12
1613,409,94584e,2020-04-23
1614,30,9c5130,2020-02-28
1615,288,dc65c5,2020-02-13
1616,3,707486,2020-05-28
1617,324,ef10ed,2020-02-28
1618,398,1b8abf,2020-03-07
1619,56,48f6a4,2020-05-16
1620,151,ad1977,2020-03-05
1621,209,421e91,2020-03-18
1622,74,631d53,2020-03-21
1623,138,bc602e,2020-01-28
1624,245,3fafa4,2020-02-22
1625,205,cbd612,2020-02-03
1626,325,aa36be,2020-03-05
1627,484,057b67,2020-02-21
1628,144,ed7524,2020-03-12
1629,39,69a6d0,2020-03-21
1630,471,82aae1,2020-02-23
1631,393,ea7f11,2020-05-08
1632,287,63bd64,2020-03-08
1633,277,5ba3b2,2020-02-21
1634,290,67ea46,2020-03-12
1635,469,cb82d4,2020-03-24
1636,300,b6e0ba,2020-05-03
1637,284,7710dc,2020-04-23
1638,342,7c91a0,2020-03-24
1639,126,916c47,2020-02-08
1640,99,6db4d5,2020-04-21
1641,41,72b2a9,2020-03-26
1642,46,cf0e6f,2020-02-17
1643,224,e2ee43,2020-03-02
1644,53,edc731,2020-03-20
1645,336,eb9e2a,2020-03-27
1646,318,f99055,2020-04-03
1647,247,659633,2020-04-26
1648,423,638bde,2020-04-28
1649,442,c22f50,2020-02-01
1650,139,c0156f,2020-04-10
1651,479,3dcc14,2020-05-07
1652,293,128e68,2020-01-10
1653,495,bbb0d5,2020-03-08
1654,154,e30293,2020-03-23
1655,316,6fd08e,2020-02-13
1656,256,7501b6,2020-02-29
1657,422,7fb802,2020-04-17
1658,264,604874,2020-03-29
1659,185,28ff2a,2020-03-11
1660,380,288386,2020-03-12
1661,215,81e6ff,2020-02-22
1662,130,6208a6,2020-02-29
1663,270,0a0d20,2020-03-22
1664,486,07df0a,2020-04-16
1665,435,48c3fb,2020-02-26
1666,384,6ddca4,2020-02-21
1667,351,1c0d4d,2020-03-03
1668,386,54b87d,2020-03-26
1669,433,f701c9,2020-03-22
1670,180,427eb3,2020-03-29
1671,437,ed485a,2020-03-19
1672,197,cd8f17,2020-02-28
1673,470,19c358,2020-03-05
1674,482,e3ab4c,2020-01-22
1675,227,23ffc1,2020-02-14
1676,500,f1ab70,2020-02-28
1677,73,9267e4,2020-03-17
1678,103,0cf906,2020-02-26
1679,239,b0c26c,2020-02-04
1680,121,33d283,2020-02-07
1681,420,02a520,2020-03-17
1682,188,7de6a5,2020-05-08
1683,240,de4b1d,2020-03-11
1684,328,f3cbc4,2020-02-17
1685,226,eca7a0,2020-03-09
1686,210,2905d8,2020-04-24
1687,447,c43313,2020-03-31
1688,61,d800b0,2020-03-19
1689,468,e38549,2020-03-21
1690,204,6f6383,2020-03-25
1691,456,fc9433,2020-03-03
1692,397,3759ff,2020-03-30
1693,427,958364,2020-03-15
1694,297,1946d7,2020-04-03
1695,361,081c65,2020-03-09
1696,402,c4ef3d,2020-02-25
1697,472,bf52f1,2020-05-02
1698,445,ed8bf0,2020-03-10
1699,93,0946e5,2020-02-17
1700,89,c593da,2020-01-24
1701,373,8cca90,2020-02-11
1702,343,e40be6,2020-03-09
1703,31,0065c3,2020-04-11
1704,327,18d9ce,2020-03-02
1705,14,e33921,2020-03-11
1706,497,969ff2,2020-04-10
1707,155,73c7ab,2020-02-17
1708,416,2c14b8,2020-05-06
1709,195,c81772,2020-02-04
1710,199,f7dc81,2020-04-03
1711,369,1af3ae,2020-04-10
1712,441,adcc76,2020-04-20
1713,7,e054d7,2020-04-13
1714,78,9067d0,2020-03-09
1715,159,264f86,2020-02-09
1716,319,54553e,2020-03-07
1717,106,e66dd5,2020-04-05
1718,203,d1182f,2020-04-18
1719,8,a147a0,2020-04-11
1720,370,d0b642,2020-03-26
1721,71,05cd91,2020-03-09
1722,267,a377fa,2020-03-06
1723,68,c2f826,2020-03-08
1724,448,d6996b,2020-03-31
1725,80,1d5e5d,2020-03-15
1726,396,b7bac0,2020-04-15
1727,322,ba5cd6,2020-05-03
1728,330,2bfab9,2020-02-21
1729,237,277b97,2020-04-02
1730,262,6ec319,2020-02-14
1731,323,539a7c,2020-03-06
1732,348,33660d,2020-04-14
1733,337,7a63f8,2020-04-04
1734,60,b6d776,2020-03-01
1735,124,d194c5,2020-01-17
1736,98,62ad27,2020-03-17
1737,200,cf1a69,2020-02-15
1738,490,34cc8e,2020-02-13
1739,82,fe69b4,2020-02-09
1740,306,2dc589,2020-04-06
1741,376,6391f4,2020-02-16
1742,202,8f0f31,2020-04-01
1743,358,88868f,2020-04-06
1744,26,68756b,2020-03-05
1745,198,c37668,2020-01-30
1746,212,423f8d,2020-01-12
1747,37,eecf24,2020-03-23
1748,28,d56286,2020-04-23
1749,353,72b87a,2020-04-13
1750,489,411419,2020-03-17
1751,83,30f0db,2020-03-08
1752,395,525c96,2020-03-28
1753,213,1b7706,2020-03-07
1754,134,e1e012,2020-03-12
1755,274,0025a4,2020-04-03
1756,36,93e554,2020-03-05
1757,430,750a79,2020-03-21
1758,102,1ef2ec,2020-03-05
1759,158,81f5e0,2020-03-04
1760,460,b5fe43,2020-03-11
1761,111,b60fcf,2020-05-04
1762,459,cdb72c,2020-04-11
1763,207,603b54,2020-03-01
1764,123,b9937e,2020-04-15
1765,385,704a55,2020-03-14
1766,492,5d8f47,2020-03-26
1767,365,6f4e34,2020-02-03
1768,313,0ddc8e,2020-04-15
1769,140,c9bfa9,2020-03-14
1770,421,c686c1,2020-01-29
1771,248,42ca74,2020-03-12
1772,208,56f28f,2020-04-10
1773,392,863bdd,2020-02-15
1774,24,f4b5e8,2020-02-10
1775,191,e83169,2020-03-21
1776,429,8313df,2020-03-06
1777,25,46dd2f,2020-03-29
1778,94,59511b,2020-03-22
1779,49,d345a8,2020-02-23
1780,211,a26e03,2020-02-20
1781,64,87a4ba,2020-03-18
